name,n_samples,n_features,score,n_classes,classes,complexities.f1,complexities.f1v,complexities.f2,complexities.f3,complexities.f4,complexities.l1,complexities.l2,complexities.l3,complexities.n1,complexities.n2,complexities.n3,complexities.n4,complexities.t1,complexities.lsc,complexities.density,complexities.clsCoef,complexities.hubs,complexities.t2,complexities.t3,complexities.t4,complexities.c1,complexities.c2,prior_probability.0,prior_probability.1
ace_inhibitory_activity,2598,1701,0.377,2,2,0.881,0.216,0.0,0.991,0.855,0.006,0.176,0.118,0.159,0.425,0.266,0.162,0.832,0.999,0.647,0.11,0.542,0.655,0.101,0.154,0.0,0.0,0.5,0.5
ace_vaxinpad,688,630,0.383,2,2,0.845,0.021,0.0,0.969,0.0,0.0,0.004,0.001,0.106,0.434,0.182,0.078,0.824,0.991,0.959,0.56,0.844,0.916,0.31,0.338,0.01,0.028,0.559593023255814,0.44040697674418605
acp_anticp,449,2037,0.55,2,2,0.7,0.005,0.0,0.962,0.0,0.0,0.0,0.0,0.187,0.457,0.339,0.147,0.846,0.992,0.94,0.493,0.823,4.537,0.552,0.122,0.0,0.0,0.5011135857461024,0.49888641425389757
acp_iacp,344,2037,0.636,2,2,0.627,0.0,0.0,0.953,0.0,0.0,0.0,0.0,0.205,0.469,0.372,0.172,0.919,0.989,0.977,0.645,0.897,5.922,0.64,0.108,0.028,0.075,0.5988372093023255,0.4011627906976744
acp_mlacp,585,1050,0.472,2,2,0.882,0.002,0.0,0.969,0.007,0.0,0.007,0.0,0.184,0.439,0.344,0.154,0.814,0.993,0.997,0.761,0.977,1.795,0.468,0.261,0.096,0.23,0.6803418803418804,0.31965811965811963
afp_amppred,2713,2079,0.416,2,2,0.881,0.065,0.0,0.991,0.702,0.0,0.021,0.007,0.158,0.437,0.28,0.142,0.804,0.998,0.976,0.51,0.888,0.766,0.223,0.291,0.0,0.001,0.5101363803907114,0.4898636196092886
afp_antifp,2916,2100,0.444,2,2,0.941,0.035,0.0,0.994,0.65,0.0,0.003,0.001,0.182,0.45,0.322,0.258,0.783,0.998,0.99,0.714,0.936,0.72,0.332,0.461,0.0,0.0,0.4996570644718793,0.5003429355281207
aip_aippred,1049,525,0.505,2,2,0.969,0.163,0.0,0.99,0.94,0.004,0.121,0.095,0.256,0.493,0.497,0.198,0.999,0.998,1.0,1.0,0.997,0.5,0.26,0.52,0.029,0.076,0.5996186844613918,0.4003813155386082
aip_antiinflam,2124,630,0.491,2,2,0.98,0.241,0.0,0.997,0.956,0.007,0.188,0.149,0.236,0.475,0.435,0.21,0.947,0.999,1.0,0.968,0.997,0.297,0.142,0.478,0.025,0.068,0.5936911487758946,0.4063088512241055
amp_antibp,861,630,0.454,2,2,0.725,0.016,0.0,0.988,0.954,0.0,0.0,0.0,0.149,0.43,0.238,0.081,0.84,0.989,0.999,0.883,0.991,0.732,0.409,0.559,0.0,0.0,0.4994192799070848,0.5005807200929152
amp_antibp2,1993,1974,0.421,2,2,0.783,0.042,0.0,0.995,0.611,0.0,0.001,0.0,0.151,0.44,0.273,0.123,0.813,0.998,0.984,0.57,0.921,0.99,0.279,0.282,0.0,0.0,0.498745609633718,0.5012543903662819
amp_csamp,204,2100,0.833,2,2,0.647,0.0,0.0,0.838,0.0,0.0,0.0,0.0,0.186,0.423,0.373,0.373,0.77,0.904,0.994,0.689,0.961,10.294,0.652,0.063,0.047,0.122,0.37254901960784315,0.6274509803921569
amp_fernandes,231,2100,0.814,2,2,0.783,0.004,0.0,0.948,0.537,0.0,0.009,0.0,0.18,0.485,0.346,0.19,0.991,0.987,0.995,0.936,0.936,9.091,0.446,0.049,0.0,0.0,0.5021645021645021,0.49783549783549785
amp_gonzales,129,1764,0.987,2,2,0.539,-0.0,0.0,0.891,0.0,0.0,0.0,0.0,0.058,0.448,0.124,0.008,0.86,0.954,0.984,0.735,0.922,13.674,0.69,0.05,0.26,0.505,0.7906976744186046,0.20930232558139536
amp_iamp2l,3283,2100,0.472,2,2,0.356,0.041,0.0,0.96,0.0,0.0,0.001,0.0,0.355,0.493,0.702,0.713,0.97,0.999,0.992,0.813,0.94,0.64,0.35,0.547,0.162,0.356,0.7325616813889735,0.2674383186110265
amp_modlamp,2579,2100,0.376,2,2,0.289,0.023,0.0,0.986,0.77,0.0,0.0,0.0,0.077,0.382,0.123,0.052,0.641,0.99,0.996,0.576,0.966,0.814,0.255,0.313,0.002,0.005,0.5250096936797208,0.47499030632027917
anitinflamatory,3790,630,0.499,2,2,0.979,0.337,0.0,0.998,0.976,0.01,0.227,0.188,0.244,0.489,0.473,0.218,0.975,1.0,1.0,0.996,0.999,0.166,0.08,0.481,0.04,0.104,0.6171503957783642,0.3828496042216359
antibacterial,16556,2100,0.389,2,2,0.829,0.114,0.0,0.999,0.959,0.002,0.069,0.033,0.148,0.435,0.283,0.15,0.76,0.999,0.909,0.37,0.8,0.127,0.064,0.504,0.0,0.0,0.5,0.5
anticancer_alternative,1940,1050,0.402,2,2,0.781,0.043,0.0,0.99,0.283,0.0,0.005,0.003,0.138,0.452,0.259,0.147,0.807,0.996,0.992,0.694,0.95,0.541,0.264,0.489,0.0,0.0,0.5,0.5
anticancer_main,1722,1050,0.422,2,2,0.861,0.076,0.0,0.992,0.731,0.001,0.05,0.02,0.157,0.425,0.286,0.139,0.753,0.996,0.993,0.619,0.946,0.61,0.238,0.39,0.0,0.0,0.5,0.5
antidiabetic,472,861,0.523,2,2,0.95,0.007,0.0,0.983,0.689,0.0,0.0,0.0,0.219,0.488,0.375,0.157,0.992,0.996,1.0,0.976,0.988,1.824,0.553,0.303,0.0,0.0,0.5,0.5
antifungal,1986,2100,0.43,2,2,0.721,0.003,0.0,0.98,0.0,0.0,0.0,0.0,0.201,0.474,0.374,0.249,0.885,0.998,0.986,0.742,0.923,1.057,0.441,0.417,0.0,0.0,0.5,0.5
antimalarial_alternative,815,1701,0.582,2,2,0.924,0.001,0.0,0.924,0.0,0.0,0.0,0.0,0.415,0.502,0.831,0.831,0.929,0.99,0.985,0.769,0.902,2.087,0.51,0.245,0.344,0.609,0.8306748466257668,0.16932515337423312
antimalarial_main,2207,2100,0.493,2,2,0.954,0.015,0.0,0.911,0.0,0.0,0.0,0.0,0.26,0.461,0.432,0.665,0.845,0.997,0.953,0.493,0.815,0.952,0.274,0.288,0.663,0.867,0.9374716810149524,0.06252831898504757
antimicrobial,8268,630,0.508,2,2,0.932,0.225,1.0,1.0,1.0,0.011,0.172,0.117,0.148,0.472,0.283,0.141,0.965,0.999,1.0,0.957,0.999,0.076,0.049,0.64,0.0,0.0,0.5,0.5
antimicrobial_UniDL4BioPep,10989,2100,0.4,2,2,0.184,0.041,0.0,0.996,0.963,0.0,0.0,0.0,0.215,0.442,0.431,0.428,0.771,0.825,0.974,0.671,0.856,0.191,0.121,0.636,0.015,0.04,0.4283374283374283,0.5716625716625716
antioxidant,2120,420,0.394,2,2,0.866,0.095,0.0,0.996,0.947,0.001,0.04,0.008,0.15,0.458,0.283,0.126,0.917,0.998,0.903,0.351,0.791,0.198,0.09,0.452,0.0,0.0,0.5,0.5
antioxidant_UniDL4BioPep,1404,630,0.404,2,2,0.905,0.204,0.0,0.995,0.879,0.008,0.159,0.115,0.197,0.47,0.374,0.193,0.952,0.998,0.752,0.174,0.66,0.449,0.124,0.276,0.0,0.001,0.5106837606837606,0.4893162393162393
antiparasitic,1206,2100,0.527,2,2,0.655,0.002,0.0,0.956,0.0,0.0,0.0,0.0,0.338,0.486,0.651,0.715,0.961,0.997,0.984,0.741,0.906,1.741,0.523,0.3,0.204,0.424,0.7595356550580431,0.24046434494195687
antiviral,5888,2100,0.407,2,2,0.926,0.219,0.0,0.998,0.927,0.005,0.169,0.118,0.179,0.459,0.339,0.188,0.846,0.999,0.827,0.293,0.727,0.357,0.101,0.282,0.0,0.0,0.5,0.5
anti_MRSA,995,1470,0.482,2,2,0.802,0.001,0.0,0.945,0.0,0.0,0.0,0.0,0.095,0.488,0.181,0.065,0.997,0.995,0.989,0.8,0.913,1.477,0.477,0.323,0.393,0.661,0.8512562814070351,0.1487437185929648
atb_antitbp,492,1281,0.461,2,2,0.898,0.006,0.0,0.949,0.0,0.0,0.0,0.0,0.152,0.458,0.266,0.165,0.9,0.993,0.907,0.418,0.788,2.604,0.453,0.174,0.0,0.0,0.5,0.5
atb_iantitb,492,1281,0.468,2,2,0.928,0.009,0.0,0.982,0.0,0.0,0.006,0.004,0.158,0.455,0.254,0.193,0.919,0.992,0.919,0.476,0.806,2.604,0.429,0.165,0.0,0.0,0.5,0.5
avp_amppred,1460,2058,0.446,2,2,0.946,0.058,0.0,0.996,0.461,0.0,0.018,0.007,0.198,0.447,0.355,0.182,0.844,0.997,0.971,0.526,0.89,1.41,0.299,0.212,0.0,0.0,0.5061643835616438,0.49383561643835616
avp_avppred,1046,2100,0.466,2,2,0.909,0.037,0.0,0.972,0.49,0.0,0.013,0.005,0.182,0.438,0.33,0.205,0.793,0.995,0.97,0.463,0.894,2.008,0.329,0.164,0.015,0.04,0.42829827915869984,0.5717017208413002
bce_ibce,2518,1029,0.496,2,2,0.981,0.306,0.0,0.996,0.925,0.009,0.22,0.177,0.245,0.493,0.483,0.213,1.0,0.999,1.0,0.994,0.993,0.409,0.124,0.302,0.01,0.028,0.5591739475774424,0.44082605242255757
bitter,640,819,0.385,2,2,0.87,0.112,0.0,0.953,0.42,0.004,0.095,0.052,0.176,0.436,0.322,0.2,0.817,0.995,0.687,0.127,0.608,1.28,0.183,0.143,0.0,0.0,0.5,0.5
blood_brain_barrier,238,1113,0.592,2,2,0.687,0.002,0.0,0.962,0.008,0.0,0.004,0.0,0.208,0.476,0.382,0.319,0.962,0.989,0.974,0.746,0.856,4.676,0.639,0.137,0.0,0.0,0.5,0.5
cpp_cellppd,1614,1281,0.418,2,2,0.845,0.06,0.0,0.986,0.559,0.0,0.015,0.006,0.168,0.45,0.323,0.218,0.801,0.996,0.979,0.541,0.914,0.794,0.243,0.306,0.0,0.0,0.5,0.5
cpp_cellppdmod,1462,861,0.361,2,2,0.808,0.042,0.0,0.987,0.514,0.0,0.014,0.003,0.087,0.347,0.121,0.077,0.525,0.991,0.987,0.423,0.927,0.589,0.183,0.311,0.0,0.0,0.4993160054719562,0.5006839945280438
cpp_cppredfl,924,1281,0.438,2,2,0.86,0.023,0.0,0.972,0.0,0.0,0.0,0.0,0.147,0.476,0.252,0.079,0.976,0.995,0.996,0.842,0.965,1.386,0.393,0.283,0.0,0.0,0.5,0.5
cpp_kelmcpp,1003,1029,0.445,2,2,0.824,0.038,0.0,0.984,0.525,0.0,0.006,0.001,0.144,0.455,0.267,0.106,0.912,0.995,0.999,0.862,0.987,1.026,0.337,0.328,0.0,0.0,0.49750747756729813,0.5024925224327019
cpp_mlcpp,1903,1008,0.461,2,2,0.83,0.085,0.0,0.988,0.779,0.001,0.035,0.014,0.221,0.464,0.431,0.338,0.873,0.997,0.998,0.822,0.972,0.53,0.221,0.418,0.037,0.096,0.6121912769311614,0.3878087230688387
cpp_mlcppue,374,1281,0.541,2,2,0.937,0.037,0.0,0.979,0.31,0.002,0.064,0.048,0.226,0.462,0.422,0.31,0.885,0.995,0.972,0.429,0.91,3.425,0.382,0.112,0.0,0.0,0.5,0.5
cpp_sanders,145,903,0.672,2,2,0.908,0.017,0.0,0.897,0.0,0.0,0.0,0.0,0.141,0.428,0.248,0.159,0.828,0.969,0.987,0.734,0.923,6.228,0.579,0.093,0.214,0.44,0.23448275862068965,0.7655172413793103
DPPIV_inhibitory_activity,1329,1890,0.412,2,2,0.894,0.072,0.0,0.971,0.622,0.001,0.047,0.023,0.234,0.457,0.46,0.478,0.783,0.961,0.66,0.109,0.507,1.422,0.209,0.147,0.0,0.0,0.5003762227238525,0.4996237772761475
HemoPI1,1104,2058,0.388,2,2,0.811,0.016,0.0,0.961,0.0,0.0,0.0,0.0,0.078,0.423,0.129,0.036,0.729,0.993,0.909,0.308,0.808,1.864,0.302,0.162,0.0,0.0,0.5,0.5
HemoPI2,1014,2058,0.433,2,2,0.926,0.05,0.0,0.974,0.512,0.001,0.027,0.009,0.143,0.406,0.25,0.185,0.719,0.996,0.882,0.251,0.788,2.03,0.244,0.12,0.006,0.016,0.4556213017751479,0.5443786982248521
HemoPI3,1622,2058,0.413,2,2,0.936,0.085,0.0,0.994,0.656,0.001,0.053,0.031,0.146,0.406,0.253,0.186,0.732,0.997,0.913,0.259,0.785,1.269,0.205,0.161,0.006,0.016,0.45499383477188654,0.5450061652281134
Hemo_HAPPENN,3738,735,0.41,2,2,0.934,0.187,0.0,0.997,0.942,0.004,0.142,0.093,0.121,0.38,0.196,0.115,0.657,0.998,0.998,0.474,0.981,0.197,0.087,0.442,0.022,0.059,0.5872124130551097,0.4127875869448903
hem_hemopi,1104,2058,0.399,2,2,0.817,0.028,0.0,0.961,0.0,0.0,0.004,0.0,0.12,0.433,0.226,0.045,0.773,0.995,0.909,0.312,0.815,1.864,0.302,0.162,0.002,0.006,0.5271739130434783,0.47282608695652173
hiv_apv,585,2100,0.457,2,2,0.47,0.041,0.0,0.961,0.374,0.001,0.019,0.007,0.135,0.438,0.256,0.125,0.805,0.982,0.778,0.199,0.593,3.59,0.14,0.039,0.029,0.077,0.4,0.6
hiv_bevirimat,155,441,0.427,2,2,0.547,0.036,0.0,0.897,0.0,0.001,0.013,0.006,0.106,0.391,0.187,0.09,0.645,0.88,0.903,0.509,0.586,2.845,0.194,0.068,0.148,0.331,0.7225806451612903,0.27741935483870966
hiv_idv,635,2100,0.427,2,2,0.442,0.032,0.0,0.951,0.332,0.001,0.013,0.003,0.093,0.436,0.181,0.09,0.762,0.986,0.783,0.186,0.635,3.307,0.131,0.04,0.0,0.001,0.48976377952755906,0.510236220472441
hiv_lpv,416,2100,0.51,2,2,0.362,0.021,0.0,0.971,0.188,0.0,0.0,0.0,0.108,0.443,0.192,0.07,0.87,0.984,0.811,0.208,0.685,5.048,0.192,0.038,0.007,0.018,0.5480769230769231,0.4519230769230769
hiv_nfv,652,2100,0.444,2,2,0.526,0.039,0.0,0.919,0.365,0.001,0.017,0.003,0.114,0.442,0.221,0.13,0.781,0.991,0.797,0.199,0.679,3.221,0.129,0.04,0.041,0.106,0.6180981595092024,0.38190184049079756
hiv_protease,947,168,0.471,2,2,0.881,0.088,0.0,0.937,0.753,0.001,0.032,0.017,0.077,0.463,0.144,0.062,0.98,0.994,1.0,0.994,0.994,0.177,0.113,0.637,0.372,0.639,0.8426610348468849,0.1573389651531151
hiv_rtv,606,2100,0.42,2,2,0.479,0.029,0.0,0.809,0.111,0.0,0.002,0.0,0.092,0.433,0.168,0.114,0.739,0.983,0.798,0.192,0.655,3.465,0.135,0.039,0.001,0.003,0.5198019801980198,0.4801980198019802
hiv_sqv,638,2100,0.435,2,2,0.533,0.026,0.0,0.97,0.346,0.0,0.009,0.008,0.094,0.431,0.163,0.083,0.787,0.985,0.772,0.189,0.589,3.292,0.13,0.04,0.031,0.082,0.39655172413793105,0.603448275862069
hiv_v3,1351,798,0.352,2,2,0.561,0.021,0.0,0.974,0.433,0.001,0.012,0.004,0.031,0.352,0.049,0.036,0.423,0.976,0.898,0.36,0.764,0.591,0.075,0.127,0.395,0.663,0.8519615099925981,0.14803849000740193
isp_il10pred,1242,882,0.489,2,2,0.955,0.119,0.0,0.991,0.819,0.003,0.087,0.043,0.221,0.466,0.385,0.227,0.931,0.998,1.0,0.964,0.996,0.71,0.213,0.299,0.099,0.236,0.6827697262479872,0.3172302737520129
nep_neuropipred,1750,2100,0.405,2,2,0.845,0.041,0.0,0.99,0.365,0.0,0.008,0.006,0.165,0.454,0.297,0.146,0.826,0.994,0.886,0.349,0.769,1.2,0.306,0.255,0.0,0.0,0.5,0.5
neuropeptide,4850,2100,0.373,2,2,0.784,0.135,0.0,0.997,0.773,0.003,0.108,0.069,0.146,0.447,0.256,0.186,0.811,0.999,0.767,0.22,0.646,0.433,0.13,0.3,0.0,0.0,0.5,0.5
pip_pipel,3228,525,0.502,2,2,0.948,0.231,0.0,0.998,0.973,0.007,0.154,0.143,0.229,0.486,0.416,0.155,0.996,0.999,1.0,0.999,0.999,0.163,0.084,0.516,0.176,0.379,0.7419454770755886,0.2580545229244114
quorum_sensing,432,1344,0.474,2,2,0.835,0.0,0.0,0.954,0.0,0.0,0.0,0.0,0.168,0.417,0.278,0.37,0.762,0.955,0.873,0.467,0.656,3.111,0.447,0.144,0.0,0.0,0.49537037037037035,0.5046296296296297
tce_zhao,203,210,0.422,2,2,0.506,0.014,0.0,0.537,0.0,0.0,0.0,0.0,0.113,0.427,0.192,0.064,0.906,0.853,0.999,0.938,0.981,1.034,0.409,0.395,0.326,0.588,0.8226600985221675,0.17733990147783252
toxic,3864,1050,0.406,2,2,0.471,0.069,0.0,0.999,0.993,0.0,0.016,0.004,0.078,0.43,0.127,0.055,0.814,0.997,1.0,0.841,0.996,0.272,0.164,0.604,0.0,0.0,0.5,0.5
toxic_PLPTP,7513,1050,0.429,2,2,0.672,0.091,0.0,0.998,0.992,0.002,0.059,0.03,0.067,0.431,0.1,0.081,0.751,0.997,1.0,0.847,0.997,0.14,0.089,0.633,0.138,0.313,0.7154265939039,0.2845734060961001
tumor_t_cell_antigens,985,1050,0.485,2,2,0.934,0.206,0.0,0.984,0.752,0.007,0.173,0.122,0.222,0.476,0.424,0.182,0.948,0.998,0.982,0.781,0.936,1.066,0.188,0.176,0.03,0.078,0.39898477157360407,0.601015228426396
umami,442,819,0.388,2,2,0.807,0.062,0.0,0.928,0.224,0.002,0.041,0.027,0.102,0.417,0.192,0.113,0.769,0.989,0.675,0.137,0.521,1.853,0.215,0.116,0.099,0.237,0.6832579185520362,0.3167420814479638
