sequence,label
ACNFQSCWATCQAQHAFCDRSQCKCVFVRG,1
ACYCRIGACVSGERLGACGLNGRIYRLCCR,1
ACYCRIPACIAGERRYGTCIYQGRLWAFCC,1
ACYCRIPACLAGERRYGTCFYMGRVWAFCC,1
AFKLLGRIIHHVGNFIHHVGNFVYGFSHVF,1
AGFAAQAAASLAPVAAQAAASLAPVAAQQL,1
AGRGKQGGKVRAKAKFPVGRVHRLLRKGNY,1
AKCIKNGKGCREDQGCYRQVGWARGYCKNR,1
AKIPIKAIKTVGKAVANDVFNFLKPKKRKA,1
AKIPIKAIKTVGKAVANDVFNFLKPKKRKH,1
AKKVFKRLEKLFSKIFKRLEKLFSKIQNDK,1
ALWFTMLKKLGTMALAALGAAANTISQGTQ,1
ALWKDILKNVGKAAGAGKAVLNTVTDMVNQ,1
ALWKNMLKGIGKLAGGQAALGAVKTLVGAE,1
ALWKNMLKGIGKLAGKAALGAVKKLVGAES,1
ALWKTIIKGAGKMIGSLAKNLLGSQAQPES,1
ALWKTMLKKLGTMALAALGAAADTISQGTQ,1
ALWMTLLKKVLKAAAAAAKALNAVLVGANA,1
AMWKDVLKKIGTVALAGKAALGAVADTISQ,1
ANTAFVSSAHNTQKIRAMLADLRQNAAFAG,1
ATCDLLSGIGVQHSARGGYCTGKGICVCRN,1
ATCDLLSGTGINHSARGGYCNGKAVCVCRN,1
ATCDLLSGTGINHSARGGYCNGKGVCVCRN,1
ATTGCSCPQCIIFDPHGTDYFQISKGSKCI,1
AYSLQMGATAIKQVKTAIKQVKKLFKKWGW,1
CFCKRPVCDSGETQIYCRLGNTFYRLCCRQ,1
CIGNGGRCNENVGPPCLRQPNQGYGVCRNR,1
CSCRTSSCRFGERLSSGACRLNGRIYRLCC,1
CYCRIPACIAGERRYYGTCIYQGRLWAFCC,1
CYSAAKYPGFQEFINGFQEFINRKYKSSRF,1
DCYCRIPACIAGERRYGTCIYQGRLWAFCC,1
DFASCHTNGGICLPNIGICFRPRVKCCRSW,1
DFKDWMKTAGEWLKKKKGPGILKAAMAAAT,1
DHYNCVSSGGQCLYSKIQGTCYRGKAKCCK,1
DKLIGSCVWGAVNYTGHCGSFANVNCWCET,1
DLRFLYPRGKLPVPTPFNPKPIYIDMGNRY,1
DLRFWNPREKLPLPTPFNPKPIYIDMGNRY,1
DQYKCLQHGGFCLRSLQGTCKPDKPNCCKS,1
DSHAKRHHGYKRKFHHHSHRGYRSNYLYDN,1
DSHAKRHHGYKRKFHYKRKFHEKHHSHRGY,1
DSHEERHHGRHGHHKHHSHRGYRSNYLYDN,1
DVQCGEGHFCHDQTCGVCCADQRHCCPVGF,1
EVERKHPLGGSRPGRTGDASEPKGQKCCSN,1
FALLGDFFRKSKEKIRIKDFLRNLVPRTES,1
FFGWLIKGAIHAGKAHAGKAIHGLIHRRRH,1
FFGWLIRGAIHAGKAHAGKAIHGLIHRRRH,1
FFHHIFRGIVHVGKTGIVHVGKTIHKLVTG,1
FFHHIFRGIVHVGKTGIVHVGKTIHRLVTG,1
FFPIVAGVAGQVLKKGQVLKKIYCTISKKC,1
FFSASCVPGADKGQFNLCRLCAGTGENKCA,1
FGLPMLSILPKALCISILPKALCILLKRKC,1
FIGLLISAGKAIHDLISAGKAIHDLIRRRH,1
FIGTALGIASAIPAILGIASAIPAIVKLFK,1
FIHHIFRGIVHAGRSGIVHAGRSIGRFLTG,1
FITLLLRKFICSITKTLLLRKFICSITKKC,1
FKCRRWQWRMKKLGAKKLGAPSITCVRRAF,1
FKLGSFLKKAWKSKLAKGLLEGGSEEVPGQ,1
FLGALFKVASKVLPSSKVLPSVFCAITKKC,1
FLGGLIKIVPAMICAIKIVPAMICAVTKKC,1
FLGGLMKAFPAIICAMKAFPAIICAVTKKC,1
FLGGLMKAFPALICAMKAFPALICAVTKKC,1
FLPAIAGMAAKFLPKAKFLPKIFCAISKKC,1
FLPAIAGVAAKFLPKAKFLPKIFCAISKKC,1
FLPAIFRMAAKVVPTAKVVPTIICSITKKC,1
FLPAIVGAAAKFLPKAKFLPKIFCVISKKC,1
FLPAIVGAAGKFLPKGKFLPKIFCAISKKC,1
FLPAIVGAAGQFLPKGQFLPKIFCAISKKC,1
FLPFIAGMAAKFLPKAKFLPKIFCAISKKC,1
FLPFIAGMAANFLPKANFLPKIFCAISKKC,1
FLPFIAGVAAKFLPKAKFLPKIFCAISKKC,1
FLPFIARLAAKVFPSAKVFPSIICSVTKKC,1
FLPIIAGIAAKVFPKAKVFPKIFCAISKKC,1
FLPIIAGVAAKVFPKAKVFPKIFCAISKKC,1
FLPIIASVAAKVFPKAKVFPKIFCAISKKC,1
FLPIIASVAAKVFSKAKVFSKIFCAISKKC,1
FLPIIASVAANVFSKANVFSKIFCAISKKC,1
FLPLLAGLAANFLPKANFLPKIFCKITRKC,1
FLPLLAGLAANFLPTANFLPTIICKISYKC,1
FLPMLAGLAASMVPKASMVPKFVCLITKKC,1
FLPMLAGLAASMVPKASMVPKLVCLITKKC,1
FLPVLAGIAAKVVPAAKVVPALFCKITKKC,1
FLPVVAGLAAKVLPSAKVLPSIICAVTKKC,1
FLRFIGSVIHGIGHLIHGIGHLVHHIGVAL,1
FWGALIKGAAKLIPSAKLIPSVVGLFKKKQ,1
GCASRCKAKCAGRRCSASFRGRCYCKCFRC,1
GCRFCCNCCPNMSGCNCCPNMSGCGVCCRF,1
GCWSTVLGGLKKFAKKKFAKGGLEAIVNPK,1
GEKLKKIGQKIKNFFLKKIGQKIKNFFQKL,1
GFCRCLCRRGVCRCIRCLCRRGVCRCICTR,1
GFFDLAKKVVGGIRNLAKKVVGGIRNALGI,1
GFGALFKFLAKKVAKAAKQGAKYVVNKQME,1
GFGCPLDQMQCHRHCGYCSGPLKLTCTCYR,1
GFGCPNNYQCHRHCKCGGWHRLPCTCYRCG,1
GFGKAFHSVSNFAKKAFHSVSNFAKKHKTA,1
GFGPAFHSVSNFAKKAFHSVSNFAKKHKTA,1
GFGSLFKFLAKKVAKAAKQGAKYIANKQME,1
GFGSLFKFLAKKVAKAAKQGAKYIANKQTE,1
GFGSLFKFLAKKVAKAAKQGAKYVANKHME,1
GFLDIINKLGKTFAGLDKIKCTIGTCPPSP,1
GFLGPLLKLAAKGVAGVAKVIPHLIPSRQQ,1
GFTQGVRNSQSCRRNIGTCLGAQVKCCRRK,1
GFVDFLKKVAGTIANDFLKKVAGTIANVVT,1
GFVDLAKKVVGGIRNLAKKVVGGIRNALGI,1
GGLKKLGKKLEGVGKSEKALPVAVGIKALG,1
GGLKKLGKKLEGVGKSEKALPVLTGYKAIG,1
GGLRSLGRKILRAWKWKKYGPIIVPIIRIG,1
GICACRRRFCLNFEQCRVNGARYVRCCSRR,1
GICACRRRFCPNSERCRVNGARYVRCCSRR,1
GIFSKLAGKKIKNLLRTGIDIAGCKIKGEC,1
GIFSKLAGKKLKNLLRTGIDIAGCKIKGEC,1
GIFSKLGRKKIKNLLRTGIDIAGCKIKGEC,1
GIFSLVKGAAKLAGKKFGLELIACKIAKQC,1
GIFSSRKCKTPSKTFNCDTSCRYEGYPAGD,1
GIFSSRKCKTVSKTFVSKTFRGICTRNANC,1
GIGAAILSAGKSALKKSALKGLAKGLAEHF,1
GIGAAILSAGKSIIKKSIIKGLANGLAEHF,1
GIGALSAKGALKGLAALKGLAKGLAEHFAN,1
GIGASILSAGKSALKALKGFAKGLAEHFAN,1
GIGASILSAGKSALKALKGLAKGLAEHFAN,1
GIGAVLKVLTTGLPAGLPALISWIKRKRQQ,1
GIGDPVTCLKSGAICIGTCGLPGTKCCKKP,1
GIGGALLSAGKSALKALKGLAKGLAEHFAN,1
GIGGKILSGLKTALKALKGAAKELASTYLH,1
GIGGVLLSAGKAALKALKGLAKVLAEKYAN,1
GIGKFLHSAKKFGKAAKKFGKAFVGEIMNS,1
GIGKYLHSAKKFGKAAKKFGKAWVGEIMNS,1
GIGSAILSAGKSALKALKGLAKGLAEHFAN,1
GIGTKILGGVKTALKALKGALKELASTYAN,1
GIGTKILGGVKTALKALKGALKELASTYVN,1
GIIDIAKKLVGGIRNIAKKLVGGIRNVLGI,1
GIINTLQKYYCRVRGGKCSTRGRKCCRRKK,1
GILDFAKTVVGGIRNFAKTVVGGIRNALGI,1
GILDSFKGVAKGVAKAGKLLDKLKCKITGC,1
GILDSFKQFAKGVGKQGVLSTMSCKLAKTC,1
GILDSLKNLAKNAGQQILLNKASCKLSGQC,1
GILDTIKSIASKVWNINWVANKLGVSPQAA,1
GILDTLKNLAISAAKQGLVNKASCKLSGQC,1
GILDTLKNLAKTAGKQGLVKMASCKLSGQC,1
GILDTLKQFAKGVGKQGVLSTVSCKLAKTC,1
GILDVAKTLVGKLRNVAKTLVGKLRNVLGI,1
GILLDKLKNFAKTAGQSLLNTASCKLSGQC,1
GILSLVKGVAKLAGKKFGLELIACKIAKQC,1
GILSSIKGVAKGVAKAAQLLDTLKCKITGC,1
GIMSIVKDVAKNAAKKGALSTLSCKLAKTC,1
GIMSIVKDVAKTAAKKGALSTLSCKLAKTC,1
GINTLKKVIQGLHEVIQGLHEVIKLVSNHA,1
GINTLKKVIQGLHEVIQGLHEVIKLVSNHE,1
GIPCGESCVWIPCISAALGCSCKNKVCYRN,1
GIVDFAKGVLGKIKNFAKGVLGKIKNVLGI,1
GIVDFAKKVVGGIRNFAKKVVGGIRNALGI,1
GIWGTALKWGVKLLPKLLPKLVGMAQTKKQ,1
GIWGTLAKIGIKAVPKAVPRVISMLKKKKQ,1
GKIPIGAIKKAGKAITAHDVYTFFKPKKRH,1
GKPRPYSPRPTSHPRPYSPRPTSHPRPIRV,1
GKREKCLRRNGFCAFLSVISGTCSRFQVCC,1
GKVWDWIKSTAKKLWAAKNFVAEKIGATPS,1
GKVWDWIKSTAKKLWAAKNLVAEKIGATPS,1
GLFDIAKKVIGVIGSLFDIAKKVIGVIGSL,1
GLFDIIKKVASVIGGLFDIIKKVASVIGGL,1
GLFDIIKKVASVVGGLFDIIKKVASVVGGL,1
GLFDIVKKIAGHIAGFDIVKKIAGHIAGSI,1
GLFDIVKKIAGHIASFDIVKKIAGHIASSI,1
GLFDIVKKIAGHIVSFDIVKKIAGHIVSSI,1
GLFDIVKKVVGAFGSLFDIVKKVVGAFGSL,1
GLFDIVKKVVGAIGSLFDIVKKVVGAIGSL,1
GLFDIVKKVVGALGSLFDIVKKVVGALGSL,1
GLFDIVKKVVGTIAGLFDIVKKVVGTIAGL,1
GLFDVIKKVASVIGGLFDVIKKVASVIGGL,1
GLFGVLAKVAAHVVPAKVAAHVVPAIAEHF,1
GLFGVLAKVASHVVPVASHVVPAIAEHFQA,1
GLFGVLGSIAKHVLPAKHVLPHVVPVIAEK,1
GLFKVLGSVAKHLLPAKHLLPHVAPVIAEK,1
GLFKVLGSVAKHLLPAKHLLPHVVPVIAEK,1
GLFLDTLKGAAKDVAKLEGLKCKITGCKLP,1
GLFLDTLKGAAKDVAKLLEGLKCKIAGCKP,1
GLFLDTLKGLAGKLLKLLQGLKCIKAGCKP,1
GLFRRLRDSIRRGQQKARRIGERIKDIFRG,1
GLFSVLGAVAKHVLPAKHVLPHVVPVIAEK,1
GLKDWVKIAGGWLKKKGPGILKAAMAAATQ,1
GLLDIVKKVVGAFGSLLDIVKKVVGAFGSL,1
GLLDSIKGMAISAGKQNLLKVASCKLDKTC,1
GLLDSLKGFAATAGKQSLLSTASCKLAKTC,1
GLLDTIKGVAKTVAAAASMLDKLKCKISGC,1
GLLGPLLKIAAKVGSGPLLKIAAKVGSNLL,1
GLLGVLGSVAKHVLPKHVLPHVVPVIAEHL,1
GLLNTFKDWAISIAKKGVLTTLSCKLDKSC,1
GLLQTIKEKLESLESSLESLAKGIVSGIQA,1
GLLRKGGEKIGEKLKKIKNFFQKLVPQPEQ,1
GLLSGLKKVGKHVAKVSLMDSLKCKISGDC,1
GLLSKVLGVGKKVLCLGVGKKVLCGVSGLC,1
GLLSRLRDFLSDRGRRIGQKIKDLSEFFQS,1
GLLSSLSSVAKHVLPKHVLPHVVPVIAEHL,1
GLLSVLGSVAKHVLPKHVLPHVVPVIAEHL,1
GLLSVLGSVAKHVLPKHVLPHVVPVIAEKL,1
GLLSVLGSVAQHVLPQHVLPHVVPVIAEHL,1
GLLSVLGSVVKHVIPKHVIPHVVPVIAEHL,1
GLMSVLGHAVGNVLGLGHAVGNVLGGLFKS,1
GLNALKKVFQGIHEAQGIHEAIKLINNHVQ,1
GLNTLKKVFQGLHEAQGLHEAIKLINNHVQ,1
GLRKRLRKFRNKIKEKIQGFVPKLAPRTDY,1
GLVASIGRALGGLLAGGLLADVVKSKEQPA,1
GLVDVLGKVGGLIKKDVLGKVGGLIKKLLP,1
GLVDVLGKVGGLIKKVLGKVGGLIKKLLPG,1
GLVSSIGKALGGLLAGGLLADVVKTKEQPA,1
GLVSSIGRALGGLLAGGLLADVVKSKEQPA,1
GLVSSIGRALGGLLAGGLLADVVKSKGQPA,1
GLWEKIKEKANELVSEKANELVSGIVEGVK,1
GLWEKIKEKASELVSEKASELVSGIVEGVK,1
GLWEKIREKANELVSEKANELVSGIVEGVK,1
GLWETIKNFGKKFTLLNILHKLKCKIGGGC,1
GLWETIKNFGKKFTLLNILHNLKCKIGGGC,1
GLWNKIKEAASKAAGKAAGKAALGFVNEMV,1
GLWQKIKDKASELVSDKASELVSGIVEGVK,1
GLWQKIKNAAGDLASAAGDLASGIVEGIKS,1
GLWQKIKSAAGDLASAAGDLASGIVEAIKS,1
GLWQKIKSAAGDLASAAGDLASGIVEGIKS,1
GLWSKIKTAGKSVAKKAAAKAAVKAVTNAV,1
GMASKAGAIAGKIAKGAIAGKIAKVALKAL,1
GNRPVYIPPPRPPHPRPVYIPPPRPPHPRL,1
GPLSCGRNGGVCIPIIGTCFGRPVKCCRSW,1
GPLSCRRNGGVCIPIIGTCFGRPVKCCRSW,1
GRCVCRKQLLCSYREDCKIRGVRFPFCCPR,1
GRFKRFRKKFKKLFKLFKKLSPVIPLLHLG,1
GRKSDCFRKNGFCAFPYLTLISGLCSFHLC,1
GRKSDCFRKNGFCAFSGKCSRFHLCCKRIW,1
GRKSDCFRKSGFCAFSGKCSRFYLCCKRIR,1
GRKSDCFRKSGFCAFSGKCSRFYLCCKRIW,1
GRPNPVNNKPTPHPRRPNPVNNKPTPHPRL,1
GRPNPVNTKPTPYPRRPNPVNTKPTPYPRL,1
GRRCCGWGPGRRYCRCCGWGPGRRYCRRWC,1
GSKKPVPIIYCNRRTPIIYCNRRTGKCQRM,1
GVFLDALKKFAKGGMKKFAKGGMNAVLNPK,1
GVGDLIRKAVSVIKNGDLIRKAVSVIKNIV,1
GVGSFIHKVVSAIKNGSFIHKVVSAIKNVA,1
GVIDAAKKVVNVLKNIDAAKKVVNVLKNLP,1
GVIPCGESCVFIPCITLLGCSCKNKVCYRN,1
GVLDAFRKIATVVKNLDAFRKIATVVKNVV,1
GVLSNVIGYLKKLGTLKKLGTGALNAVLKQ,1
GWASKIGQTLGKIAKGKIAKVGLKELIQPK,1
GWFGKAFRSVSNFYKQDIEQAREEELLSRQ,1
GWGSFFKKAAHVGKHHVGKHVGKAALHTYL,1
GWGSFFKKAAHVGKHHVGKHVGKAALTHYL,1
GWIRDFGKRIERVGQAVAQQAANVAATLKG,1
GWKDWAKKAGGWLKKKGPGMAKAALKAAMQ,1
GWKDWLKKGKEWLKAKGPGIVKAALQAATQ,1
GWKDWLNKGKEWLKKKGPGIMKAALKAATQ,1
GWLKKIGKKIERVGQIAVAQQAANVAATAR,1
GWLKKIGKKIERVGQIGVAQQAANVAATAR,1
GWLKKIGKKIERVGQIGVAQQAANVAATLK,1
GWLKKIGKKIERVGQLEVAQQAANVAATVR,1
GWLKKIGKKIERVGQLGIAQQAANVAATAR,1
GWLKKLGKRIERIGQLGIAQQAANVAATAR,1
GWLRKAAKSVGKFYYKYYIKAAWKIGRHAL,1
GWLRKAAKSVGKFYYKYYIKAAWQIGKHAL,1
GWLRKIGKKIERVGQLGIAQQAANVAATAR,1
GWMSKIASGIGTFLSKIASGIGTFLSGMQQ,1
HRHQGPIFDTRPSPFPSPFNPNQPRPGPIY,1
HSSGYTRPLPKPSRPTARLCCFRYGDCCHR,1
HSSGYTRPLRKPSRPTARLCCFRYGDCCHL,1
HVDKKVADKVLLLKQLLLKQLRIMRLLTRL,1
ICACRRRFCPNSERFCRVNGARYVRCCSRR,1
IIGPVLGLVGSALGGGLVGSALGGLLKKIG,1
IIGPVLGMVGSALGGGMVGSALGGLLKKIG,1
IKIMDILAKLGKVLAIMDILAKLGKVLAHV,1
IKITTMLAKLGKVLAITTMLAKLGKVLAHV,1
ILGPVISKIGGVLGGISKIGGVLGGLLKNL,1
ILGPVISTIGGVLGGISTIGGVLGGLLKNL,1
ILGPVLGLVGNALGGLGLVGNALGGLIKKI,1
ILGPVLGLVGNALGGLGLVGNALGGLIKNE,1
ILGPVLGLVSDTLDDLGLVSDTLDDVLGIL,1
ILGPVLSLVGNALGGLSLVGNALGGLLKNE,1
ILQKAVLDCLKAAGSSLSKAAITAIYNKIT,1
INIKDILAKLVKVLGIKDILAKLVKVLGHV,1
INVLGILGLLGKALSVLGILGLLGKALSHL,1
ISRLAGLLRKGGEKIQKIKNFFQKLVPQPE,1
ITSISLCTPGCKTGANMKTATCHCSIHVSK,1
ITSISLCTPGCKTGANMKTATCNCSIHVSK,1
IWLTALKFLGKHAAKKHAAKHLAKQQLSKL,1
KAKLFKKIGIGKFLHKKIGIGKFLHSAKKF,1
KAVAAKKSPKKAKKPVAAKKSPKKAKKPAT,1
KIGAKIKIGAKIKIGAKIKIGAKIKIGAKI,1
KIKWFKTMKSIAKFIKFIAKEQMKKHLGGE,1
KLKLFKKIGIGKFLHKKIGIGKFLHSAKKF,1
KNLRRIIRKGIHIIKRRIIRKGIHIIKKYG,1
KNLRRIIRKIIHIIKRRIIRKIIHIIKKYG,1
KNLRRITRKIIHIIKRRITRKIIHIIKKYG,1
KSCCRNTWARNCYNVCKIISGTTCPSDYPK,1
KWCFRVCYRGICYRKCFRVCYRGICYRKCR,1
KWCFRVCYRGICYRRCFRVCYRGICYRRCR,1
KWKIFKKIEKVGRNIKAGPAVAVLGEAKAL,1
KWKLFKKIEKVGQNIGPAVAVVGQATQIAK,1
KWKLFKKIGIGKFLHKKIGIGKFLHSAKKF,1
KWKLFKKILKFLHLALFKKILKFLHLAKKF,1
KWKLFKKIPKFLHLALFKKIPKFLHLAKKF,1
KWKLFKKIPKFLHSALFKKIPKFLHSAKKF,1
KWKLFKKISKFLHLALFKKISKFLHLAKKF,1
KYYGNGVHCTKSGCSSAGVHRLANGGNGFW,1
LAHQKPFIRKSYKCLPFIRKSYKCLHKRCR,1
LFCKGGSCHFGGCPSSCFGFRSCCKWPWNA,1
LFCKRGTCHFGRCPSSCFGFRSCCKWPWDA,1
LFKLLGKIIHHVGNFIHHVGNFVHGFSHVF,1
LIGPVLGLVGSALGGGLVGSALGGLLKKIG,1
LLGDFFRKSKEKIGKRIKDFLRNLVPRTES,1
LLGRCKVKSNRFHGPGGDCHGLRRRCMCLC,1
LLGRCKVKSNRFNGPGGDCHGLRRRCMCLC,1
LLKELWTKIKGAGKAKGAGKAVLGKIKGLL,1
LLKELWTKMKGAGKAKGAGKAVLGKIKGLL,1
LMDTVKNVAKNLAGHAGHMLDKLKCKITGC,1
LRDLVCYCRKRGCKRGTCRKGHLMYTLCCR,1
LRDLVCYCRSRGCKGGTCRKGHLLYTLCCR,1
LRDLVCYCRTRGCKRGTCRKGHLMYTLCCR,1
LRGLLCYCRKGHCKRRGTCGIRFLYCCPRR,1
LSCKRGTCHFGRCPSGRCPSHLIKGSCSGG,1
LTCEIDRSLCLLHCRLRAYCSQQKVCRCVQ,1
MFFSSKKCKTVSKTFKTVSKTFRGPCVRNA,1
MFFSSKKCKTVSKTFTVSKTFRGPCVRNAN,1
MPCSCKKYCDPWEVISCGLFNSKYICCREK,1
NPVSCVRNKGICVPIIGTCVGRAVKCCRKK,1
PDPAKTAPKKGSKKAKTAPKKGSKKAVTKA,1
PWNIFKEIERAVARTGPAVRTVAAATSVAS,1
QARATCYCRTGRCATGVCEISGRLYRLCCR,1
QCIGNGGRCNENVGPCLRQPGQGYGYCKNR,1
QCRRLCYKQRCVTYCRLCYKQRCVTYCRGR,1
QGCKGPYTRPILRPYCTRLGRCCHVAKGYS,1
QGVRNFVTCRINRGFRQIGTCLAPQIKCCR,1
QGVRNFVTCRINRGFRQIGTCLGPRIKCCR,1
QGVRNHVTCRINRGFIGTCFGPRIKCCRSW,1
QGVRNHVTCRIYGGFIGTCFGRPVKCCRRW,1
QGVRSYLSCWGNRGIRQIGTCLAPRVKCCR,1
QGYKGPYTRPILRPYSTRLGRCCHVAKGYS,1
QQCGRQASGRLCGNRTASYCGAGCQSQCRS,1
QRFIHPTYRPPPQPRYRPPPQPRRPVIMRA,1
QRVRNPQSCRWNMGVQIGTCFGPRVPCCRR,1
QVVRNPQSCRWNMGVIGTCFGPRVPCCRRW,1
RADTQTYQPYNKDWIKIYVLLRRQAQQAGK,1
RCICTTRTCRFPYRRLGTCLFQNRVYTFCC,1
RFRPPIRRPPIRPPFPPFRPPFRPPIGPFP,1
RGFRKHFNKLVKKVKSETAHVAKDTAVIAG,1
RGGGLCYCRRRFCVCGLCYCRRRFCVCVGR,1
RGGRLCYCRGWICFCRLCYCRGWICFCVGR,1
RGGRLCYCRPRFCVCRLCYCRPRFCVCVGR,1
RGGRLCYCRRRFCICGGRLCYCRRRFCICV,1
RGGRLCYCRRRFCVCRLCYCRRRFCVCVGR,1
RGLRRLGRKIAHGVKKKYGPTVLRIIRIAG,1
RHRCCAWGPGRKYCKCCAWGPGRKYCKRWC,1
RIAGYGLRGLAVIIRRICIRGLNLIFEIIR,1
RIIDLLWRVRRPQKPVRRPQKPKFVTVWVR,1
RQRVEELSKFSKKGALSKFSKKGAAARRRK,1
RRCICTTRTCRFPYRLGTCIFQNRVYTFCC,1
RRRPRPPYLPRPRPPRIPPGFPPRFPPRFP,1
RRWCFRVCYKGFCYRCFRVCYKGFCYRKCR,1
RRWCFRVCYRGFCYRCFRVCYRGFCYRKCR,1
RSGRGECRRQCLRRHPWETQECMRRCRRRG,1
RSVCRQIKICRRRGGRRRGGCYYKCTNRPY,1
RVIEVVQGACRAIRHRHIPRRIRQGLERIL,1
RWCFRVCYRGICYRKCFRVCYRGICYRKCR,1
RWKFFKKIERVGQNVKAGPAIQVLGAAKAL,1
RWKIFKKIEKMGRNIKAGPAIEVLGSAKAI,1
RWKIFKKIEKVGQNIKAGPAVAVVGQAATI,1
RWKIFKKIERVGQNVKAGPAIQVLGTAKAL,1
RWKVFKKIEKVGRHIKAGPAITVVGQATAL,1
RWKVFKKIEKVGRNIKAAPAIEVLGQAKAL,1
RWKVFKKIEKVGRNIKAGPAIAVVGQAKAL,1
SCASRCKGHCRARRCSVLYRGRCYCKCLRC,1
SDEKASPDKHHRFSLFLSKWIGDRGNRSVK,1
SGISGPLSCGRNGGVIGTCFGRPVKCCRSW,1
SGRGKTGGKARAKAKGNYAHRVGAGAPVYL,1
SHQDCYEALHKCMASPFSCSMKFHMCLQQQ,1
SIGAKILGGVKTFFKFFKGALKELASTYLQ,1
SIGSAFKKALPVAKKKIGKAALPIAKAALP,1
SIGSALKKALPVAKKKIGKIALPIAKAALP,1
SIGTAVKKAVPIAKKPIAKAVLSVVGQLVG,1
SIPCGESCVFIPCTVALLGCSCKSKVCYKN,1
SIVPIRCRSNRDCRRRGGRCTYARQCLCGY,1
SKGKKANKDVELARGSKGKKANKDVELARG,1
SKITDILAKLGKVLAITDILAKLGKVLAHV,1
SLFSLIKAGAKFLGKKQGACYAACKASKQC,1
SLFSLIKAGAKFLGKKQGAQYAACKVSKEC,1
SLGGVISGAKKVAKVPIGKAVLPVVAKLVG,1
SLGSFLKGVGTTLASKVVSDQFGKLLQAGQ,1
SMLSVLKNLGKVGLGKVGLGFVACKINKQC,1
SMLSVLKNLGKVGLGKVGLGLVACKINKQC,1
SSLLEKGLDGAKKAVGKGAVHDVKDVLDSV,1
STRAFTCHCRRSCYSGTCTVMGINHRFCCL,1
SWLSKTAKKLENSAKRISEGIAIAIQGGPR,1
TAGPAIRASVKQCQKTRLFTVSCKGKNGCK,1
TCESPSHKFKGPCATHKFKGPCATNRNCES,1
TRSSRAGLQFPVGRVGLQFPVGRVHRLLRK,1
VAIALKAAHYHTHKEVAIALKAAHYHTHKE,1
VCSCRLVFCRRTELRCLIGGVSFTYCCTRV,1
VDKGSYLPRPTPPRPYLPRPTPPRPIYNRN,1
VDKPDYRPRPRPPNMVDKPDYRPRPRPPNM,1
VDKPDYRPRPWPRNMDKPDYRPRPWPRNMI,1
VDKPDYRPRPWPRPNDKPDYRPRPWPRPNM,1
VDKPDYRPRPWPRPNVDKPDYRPRPWPRPN,1
VFCTCRGFLCGSGERSCTINGVRHTLCCRR,1
VFHLLGKIIHHVGNFIHHVGNFVYGFSHVF,1
VFIDILDKMENAIHKGIGIAKPIEKMILPK,1
VFQFLGKIIHHVGNFIHHVGNFVHGFSHVF,1
VFQFLGRIIHHVGNFIHHVGNFVHGFSHVF,1
VGECVRGRCPSGMCCSQFGYCGKGPKYCGR,1
VGIGTPIFSYGGGAGIFSYGGGAGHVPEYF,1
VGIGTPISFYGGGAGISFYGGGAGHVPEYF,1
VGRFRRLRKKTRKRLKWIPPIVGSIPLGCG,1
VIPFVASVAAEMQHVAAEMQHVYCAASRKC,1
VLSKSLCTPGCITGPPLQTCYLCFPTFAKC,1
VNPIILGVLPKFVCLLGVLPKFVCLITKKC,1
VNYGNGVSCSKTKCSVSGVASGAGSIGRRP,1
VRNFVTCRINRGFCVRQIGTCLGPQIKCCR,1
VRNHVTCRINRGFCVIGTCFGPRIKCCRSW,1
VSCTCRRFSCGFGERSCTVNGVRHTLCCRR,1
VTCDILSVEAKGVKLRSGGYCNGKRVCVCR,1
VTCDLLSFKGQVNDSICRKTSFKDLWDKRF,1
VTCFCKRPVCDSGETYCRLGNTFYRLCCRQ,1
VTCFCRRRGCASRERYCRFGNTIYGLCCRR,1
VTCFCRRRGCASRERYCRFGNTIYRLCCRR,1
VTCYCRRTRCGFRERGACGYRGRIYRLCCR,1
VTCYCRSTRCGFRERGACGYRGRIYRLCCR,1
VVCACRRALCLPLERFCRIRGRIHPLCCRR,1
VVCACRRALCLPRERFCRIRGRIHPLCCRR,1
WKSESLCTPGCVTGATCFLQTLTCNCKISK,1
WKSESVCTPGCVTGVTCFLQTITCNCHISK,1
WLGSALKIGAKLLPSKLLPSVVGLFKKKKQ,1
WLGSALKIGAKLLPSKLLPSVVGLFQKKKK,1
WNPFKELERAGQRVRAAVATVGQAAAIARG,1
WNPFKELERAGQRVRGPAVATVAQATALAK,1
WNPFKELERAGQRVRPAVATVGQAAAIARG,1
YPPKPESPGEDASPETALRHYINLVTRQRY,1
YRGGYTGPIPRPPPIRNCCIKFGSCCHLVK,1
YSRCQLQGFNCVVRSRSYFPGSTYGRCQRY,1
YSSGYTRPLPKPSRPTARLCCFRYGDCCHR,1
KIEAELQDICNDVLQLLDKYLIPNATQPES,0
EKTHINIVVIGHVDSGKSTTTGHLIYKCGG,0
VSRALLLLAGLGCLLPGFLADEAQETAVSS,0
ATSPALKRLDLRDPAALFETHGAEEIRGLE,0
ITKEETFSTLKNWVKELRQHGPPNIVVAIA,0
CPLYWKGPLFYGAGGERTGSVSVHKFVAMW,0
DRAGRRLRVLSGHLLGRPQEALSTNECKAR,0
TGLMAYIVYKIRSADKRSKALKASSAAPAH,0
EDKLKMIREYRQMVETELKLICCDILDVLD,0
HPALNYNIVSGPPTHNIVVNGKECVNFASF,0
CLVFGIMAEDAQVAQGPSQQIPRSLAHFAH,0
PPKLSGVQQPSEGVGGGRCSEISAELIRSL,0
AGGGGGGAAGRAYSFKVVLLGEGCVGKTSL,0
ALALHVACHSFKGQLVQQTLLLGTRPRVWV,0
NPELLTHILDGSPEKTRRRREIENMILNDP,0
VLPPRKMRDSYIEVLLPLGTDPELRDKYVT,0
AYKNVVGARRSSWRVISSIEQKTMADGNEK,0
PFNEAFEETPMLVAVLTYVGYGVLTLFGYL,0
LLLAALCCLAPISLAGVLQGHAVQETDDTS,0
WINAAFRAGSKEAASGKADGHAATLVMKLQ,0
YISELWTSDILSLSKLRILIISHNRIQYLD,0
THLNLRGNKIKDLSTIEPLKKLENLKSLDL,0
TMVKKMREYGISDPEEIMWFKKLYLANFVE,0
GSGLSRLDTSVIFEALATGCTSTTAYISIH,0
VISSIEQKTSADGNEKKIEMVRAYREKIEK,0
QGICVRFGLDRYQCDCTRTGYSGPNCTIPE,0
LSLGTKGDTHTQILEGLDFNLTEMAETDIH,0
RIHRLFGDVEASLGRLLDRLPSFQQSCRNF,0
LEYLDLSHNELKVILCHPTVSLKHLDLSFN,0
LSENRISGDLEVLAEKCPNLKHLNLSGNKI,0
LGDTWSRQMHPDIESERYMQSFDVERLTNI,0
VLCQRAKVAMSHFEPHEYIRYDLLEKNIDI,0
GRRSAWRVISSIEQKTDTSDKKLQLIKDYR,0
TELLLAVTTFCLGFWVVRVTRTWVPKGLKS,0
HLQRSLCPWVSYLPQPYAELEEVSSHVGKV,0
QESLSCDASGVCDGRSRSFTSIPSGLTAAM,0
ALVKRMRKKKTWRETKTSVMTTKRRMWNQQ,0
WQVHPDIDSERHSPSFSVERLTNILDGGLP,0
APLPRVRMLAVARPLSTALCSAGTQTRLGT,0
NDVLSLLEKFLIPNASQAESKVFYLKMKGD,0
VLGDLQAAPEAQVSVQPNFQQDKFLGRWFS,0
GYSGLQASQVNEGYEHLIHMLGHSREAMQL,0
LLEDTSEKVKVYLRIRPFLTSELDRQEDQG,0
FSDGNEFAVDKSKRGLIHVPKDLPLKTKVL,0
SMEQSTGESHGPLDSLRAPFNERLAESTAS,0
CKRVFEYGFFNAEDMLKNPLKILVLMNCLG,0
LPRLPTLALARPLSTTLCPEGIRRRPGALQ,0
CNDVLNLLDKFLIANATQPESKVFYLKMKG,0
HDTVQPNFQQDKFLGRWYSAGLASNSSWFR,0
VTSHLTEEIQASNDTENEYSSTRRISPYMT,0
GNNKLYMFGSNNWGQLGLGSKAAIIKPTCI,0
IVGSFHFVCALALIVGSMTPFSNELESMVD,0
TELNSAHLPDKPSSMEQPTGESHGPLDSLR,0
GDKLNVITVGPRGPLLVQDVVFTDEMAHFD,0
QARASRNSLLTDIIAAYQRFCSRPPKGFGK,0
EIKRATLNELVEYVSTNRGVIVESAYSDIV,0
LVAPAPDGGFNLTSTFLRKDQCVTRTLMLR,0
GTKADTHDEILEGLNFNLTEIPEAQIHEGF,0
ENDLYATQLNTHEYDFVSVYTIKGEETSLA,0
FLDLTRCQINWIHEDTFQSHHQLSTLVLTG,0
LVSETVKKNEKTKSDEETLKAKKGIKEIKV,0
DEMAHFDRERIPERVVHAKGAGAFGYFEVT,0
TLAAAAGGITAIVDMPLNSLPPTTSVTNFH,0
DGFSRRSLRRARPRRSHSSSQFRYQSNQQE,0
QQDKFLGRWYSAGLASNSSWFREKKELLFM,0
HTVAEHTSGEHAESEHASGEPAATEHAEGE,0
DISCFFLVALFLASCRATTSSDQKCIEKEV,0
SESEETVQVKNAKKKSEKLSLSYKPGKVSQ,0
NIFCAGADIHGFSAPLSFGTGSGLGPIVDE,0
VPKDDLYNNLIVNPRSVGLANQELAEVVSR,0
RKSVRKARQKRSQSSSQFRSQGKPIELTPL,0
EESWQVYSSAQDSEGRCICTVVAPQQTMCS,0
VPSFLAEDVQETDTSRRDSVPASHDTPYNL,0
PGEHAESEHASGEPAATGHAEGEHTVGEQP,0
EFLHELKAENIKKFLYNFTRTPHLAGTQNN,0
FEYKKHQSDHTYEIMTSDFPVLDPSWTAQE,0
VVDEIQRNEKPVVAAIQGMAFGGGLELALG,0
AIREAGLLKRLSRLGCHLKDFGDLSFTNVP,0
VEFNYSGDLLATGDKGGRVVIFQREQENKG,0
ELQGHVSIILLGATGDLAKKYLWQGLFQLY,0
TWGLLLLAGLCCLVPISLAEGLQGHAVQET,0
LTSQSLPIELTSVVPESTEDILLKGFTSLG,0
LFVLGFLFGWFIKSPNEAANISPQHNVKKA,0
SGPGGNVANSTLLFTDVADFQQILQFPSLR,0
GGGLELALGCHYRIANAKARVGLPEVTLGI,0
IQGELEKLNQSTDDINRRETELEDARQKFR,0
AQFLRLSRYRQLKTAEDYQALGRDIEAQVQ,0
AALCCLAPSFLAEDAQETDTSQQDQSPTYR,0
HGIIVVYDVTDQESFNNVKQWLQEIDRYAS,0
PPLTCQRYCNASVTNSVKGTNAILWTCLGL,0
TMKVPKFGVSTGREGQTPKAGLRVSAPEVS,0
VAETDLSTSVLGQRVSMPICVGATAMQRMA,0
DEGLPPILNALEVQGRETRLVLEVAQHLGE,0
LEQGKHRDVVIRQGEIFLLPARVPHSPQRF,0
KDLDDNLFGQHLAKKIILNAVFGFINNPKP,0
IYTYCGIVLVAINPYEQLPIYGEDIINAYS,0
MLDEQKEQLNRIEEGLDQINKDMRETEKTL,0
RGNLPKESVQILRDWLYEHRYNAYPSEQEK,0
LGQRVSMPICVGATAMQCMAHVDGELATVR,0
VSSGSVTVNADSSVQLLAEEAVTLDMLDLG,0
FYQLEGDMVLRVLEQGEHRDVVIRQGEIFL,0
TKFQIATWGSLIVHEALYFLFCLPGFLFQF,0
EVKGVYQFCFSNEFSTFSHKTVYFDFQVGD,0
MMVFAKGAFPESYSPTVFERYNATLQMKGK,0
SAGAKGQGFGDAKSRARYGAGQQDLAAPLE,0
KRIRLRPRYLRDVSEVDTRTTIQGEEISAP,0
LGFELTVERLVSIGYPQELLSFAYDSTFPT,0
ATIKAVLVKECYSLFTNRRNFRLNGPLYDA,0
KFCFSNRMSTMTPKIVMFTIDIGEAPKGQD,0
TKAIVQVFEGTSGIDAQKTTCEFTGDILRT,0
GLGRVYPRPPSKTYRGAFQNLFQSVREVIQ,0
DDGITYNDNLAAFRRIRLRPRYLRDVSKID,0
ILASHVPTLQVLRPGLVMVHAEDGTTTKYF,0
AWEKQQRKTFTAWCNSHLRKAGTQIENIDE,0
THGLFKKQGIPGPTPLPFLGTVLNYYKGLW,0
AVQERSAKASDEEEAIRTLLLTNVEFNRPF,0
LLLLLALAARPALAGPPAAALQAGPGLNAA,0
AHMNPAVTFTNCALGRMAGRKFPIYVLGQF,0
QQQQQQETSPRQQQQQQGEDGSPQAHRRGP,0
KAHAQKQLSKTSWDFIEGEADDGITYSENI,0
ADFREDPDPRKVNLGVGAYRTDDSQPWVLP,0
YGKVWGIYDGRQPVLCVTDPEIIKAVLVKE,0
LTQENQDRGTHVDLGLASANVDFAFSLYKQ,0
VHSQGQGPGANFVSFVGQAGGGGPAGQQLP,0
TAGQEEYSAMRDQYMRTGEGFLCVFAINNT,0
EEQQPSQQQSASEGHPESGCLPEPGAATAP,0
GIKYIGMRNEQAACYAASAIGYLTSRPGVC,0
SVGEFADKLNEQKIAQLEEVKQASIKQIQD,0
APPVAVFKLTADFREDGDSRKVNLGVGAYR,0
FDGVVGSGGRRDSVVRRPRPQGRSVSEPRD,0
RLQPSSTTTMAKNTVFLIEMLLPKKYHVLR,0
SKEGSIWNHQPCFLKDWEMHVHFKVHGTGK,0
SLKPSEAPELDEDEGFGDWSQRPEQRQQHE,0
SSEKPNAEDMTSKDYYFDSYAHFGIHEEML,0
AETKKNCHLNENIEKGLLHRAFSVFLFNTE,0
LVPVPPLPEYGGKVRYGLIPEEFFQFLYPK,0
SLNHEYLPILGLAEFRSCASQLVLGDNSPA,0
VFVCLFLLPLSLIFDIYYYVRAWVVFKLSS,0
FGWAAVILVLQTVDTASAVRTPYDKARVFA,0
SDKLKQSPQVLPEANETEASPVQAENGSLA,0
DEGFGDWSQKPEPRQQFWGNEGTAEGTEPS,0
WAALRGKTVLDVGAGTGILSIFCAQAGARR,0
LFNTENKLLLQQRSDAKITFPGCFTNSCCS,0
ITPETFSTISVVGLIVYVIKKYGASFGEFI,0
NDPNLFVALYDFVASGDNTLSITKGEKLRV,0
CSQDMLTSLTKLSKEYGSMYTVHLGPRRVV,0
GTQALWLDGNNLSSVPPAAFQNLSSLGFLN,0
VVAILESSRFKYRTEIAPGKGDMPTLTDKG,0
LCKLSLEGDHSTPPSAYGSVKAYTNFDAER,0
KPHLRAKNSDLLTSPDVGLLKLASPELERL,0
VHSPNAENLGLFLISGYNLFHEAIPDPSWK,0
ELKPARVYGVGSLALYEKADIKTPEDKKKH,0
RTTETGFNIFTQHDHFASCVEDGFEGDKTG,0
EFSGRGDYPAFFNFTKGNGIAFSNGDRWKA,0
CSSRNLTQLPDGIPVSTRALWLDGNNLSSI,0
VFVESAYSQLGQEIVAILESSRFRYSTELA,0
EAAIKTKGVDEVTIINILTNRSNEQRQDIA,0
NMTLNLSDPSSNLKPHLRNKNADILTSPDV,0
YHPTQPLHMKIYADRFTPFTTSDVAAGLWQ,0
GLCGAIHSSVAKQMKNDMAALTAAGKEVMI,0
LSQNLVVKPDQLIKRRGKLGLVGVNLTLDG,0
VKEALVDKGEEFSGRGSYPIFFNFTKGNGI,0
AQYDPHTQYGRTAIIHLFEWRWVDIAKECE,0
AAPGARWGQQAHSPLGTAADGHEVFYGIMF,0
LTNRSNEQRQDIAFAFHRRTKKDLPSALKG,0
LTDNIKYEDCEDRHDGTSNGTARLPQLGTV,0
QEANWNQQTFNYLLSHIGSPNAANMGLTPV,0
VSGLSQQVRCFSTSVVRPFAKLVRPPVQIY,0
TPCPGPFLRYNFDVTKGKIFIEWMKGATTN,0
YGEMWGLYEGQQPMLVIMDPDMIKTVLVKE,0
AYPLGLCVGLFIYVAYIKWHRASAAQAFFT,0
EAAIIEILSGRTSDERQQIKQKYKATYGKE,0
PPDQKTSPSGKSATLKICSWNVDGLRAWIK,0
LCIHELYHSALQPLDMTIYADRFTPLTNTD,0
VGDEAQSKRDILSLKHPIERGIITNWDDME,0
EGINVFLKSKKVDFELAVQNIVYRTASIPK,0
QKAELTRMANTLLHVPNLHWLVVEDAPRRT,0
FSNLPKLHEIRIEKANNLLYIDPDAFQNLP,0
RQPVRPDQRRFAEEAEGGLCRLRILAAERG,0
FDHLFAIVNSAEAEDAGVILVSGWQIFQSI,0
TGWGPPRIQPFQNLTLHPACSGLHYSLQLF,0
AVAFFEETARQLGLGCQKVEVAPGYVVTVL,0
SEEEGINVLLKSEHVDFESAVQSPVYHTAW,0
KATEEDGSEQKVPEATNRRVWELSKANSRF,0
CNRFFILLPWILIVIIMLDVDPRRPAPQLT,0
SYAFPKSITVFFKEIEGIFNATTSEVSWIS,0
DAFDPEEYQFTCLTYKESEGALNEHMTSLA,0
DVAAGMLIPHTYPDTPIHTQKQWFRETFNH,0
EKLGNLESVYIIHPEDVAHLFKFEGSYPER,0
WSHDPFEGFKDADGYIYGRGAQDMKCVSIQ,0
VVKAWQPRLPKGLKSPPGPWGWPVLGNVLT,0
DIPVNPMCIYRSPEKKATEGEGSEQKIPGA,0
PTYARLVQKAELVRLSQTLSLVPRLHWLLV,0
CHLLCPLAESYTALVVYAIFFGYGFGSVSS,0
SNLPSFQSFHIVILGLDCAGKTTVLYRLQF,0
QRFRNEFERICRKEVKPLGLSVMRDVTITK,0
SEQTLKSLTDIPGNWRKNWLNVYYFWRSNG,0
RIKILATGICRSDDHVTAGLLTMPLPMILG,0
VLSGLDTIRQALVRQGDDFKGRPDLYSFTF,0
LVDAAQARPSDNCVFSVELQLPPKAAALAH,0
ASPGPPLALPRLLIPNQEACSGPGAPPFLL,0
PSETAVPPPHPIPPDGGWGWVVVGAAFISI,0
DEDQMSNDKERFARSDDEQSSADKERLARE,0
LGLTVMRDVTISKSEYAPSEKMITKVQDFQ,0
IYREKLGNVESVYIVDPEDVALLFKFEGPH,0
EPKKPFSIEEVEVAPPKAHEVRIKILATGI,0
ALTAVCLVYLILKFFRTEIPAGLRQLPGPK,0
PSILSLNPLALISRQEALELMNQNLDIYEQ,0
LPRLLISNSHACGGSGPPPFLLILVCTAPE,0
GFSYAFPKAVTVFFKDIQEIFNTTSSQIAW,0
ENHSEIERRRRNKMTAYITELSDMVPTCSA,0
RKFYEENGFLVIKNLVSDDDIQRFRAEFER,0
GYQTFLSAPREGLGRLRVPTGEGAGISTRS,0
SVGEKVTSLKPGDAVIPLFVPQCGECRSCL,0
PSGCLSGSETVRKALIKQGDEFAGRPDLYS,0
GDYRVYRGLLKTTMDPNDVILATHASVDNL,0
DIKDIFKTTSSQIAWISSIMLAVMYAGGPI,0
GAAAVARRNERERNRVKLVNLGFQALRQHV,0
TLDNNVLSLEQRKFYEENGFLVIKNLVSDD,0
DNGWLNLYHFWRENGTHRIHYHHMQNFQKY,0
GHEAAGVVESVGEGVTCVKPGDKVIPLFAP,0
LVRQGDDFKGRPDLYTFTLISNGQSMSFSP,0
YYTSWSQYREGDGSCFPDALDRFLCTHIIY,0
ASFRFPWLLKTFVLMVGLATVAFMVRKVSL,0
KAPDGGWGWAVLFGCFIITGFSYAFPKAVS,0
AGAQGLNASLMDGGALPRLMPTSSGVAGAC,0
LGGAPRLVLLFSGKRKSGKDFVTEALQSRL,0
RSFNEIPSPGDNGWLNLYHFWRESGTQKIH,0
AAVLWQLNKPFSIEEVEVAPPKAHEVRIKM,0
VLEMGSRPYLSLTAMSKRYGNVFQIQIGMR,0
EQVIPINAGDLFVHPLWNSNCVACGNDIAL,0
MIHEKSSCKEYLTQSHYITAPLSKEEADFP,0
SHSPPAAMALQSQASEEAKGPWQEADQEQQ,0
RNERERQRVKCVNEGYAQLRHHLPEEYLEK,0
RLVLLFSGKRKDGKDFVTEALQSRLGADVC,0
FGPIYREKIGYYDSVNIIKPEMPAILFKAE,0
TKFKPGDKVIPLFVPQCGECRCCKNPESNL,0
VTVCLVYLIIKSFQANIPEGLSRLPGPKPL,0
PNSVEQKHIQKEDVPSERYLGYLEQLLRLK,0
TAPLSQEEGDFPLAYVMVIHHNFDTFARLF,0
PELGFEAEPVQEPEPTPTVETRGTARGFQP,0
HLCPETPVPASYTDELPLLPFSSDTLIMNN,0
VERTRTGSSFSVRSVKAVQHGKPIFICQAS,0
GPIYREKLGNLESVYIIDPEDVALLFKFEG,0
MGHEGTGIVESVGEGVSTVKTGDKVIILCL,0
ALRTQVPKGLKTPPGPWGLPILGHVLTLGK,0
QNEPDSIEEVLNKRKILELAVVSPIQFRQE,0
SCESSGGGLPLPFQKQVRAIDLTKAFDPAE,0
VLGVFSLASWVPCLCSGASCLLCSCCPNSK,0
ESQDSSDSIGSSQKAHGILARRPSYRKILK,0
GRCCWDEPVRIAVRGLAPEQPVTLRASLRD,0
LPSRSVFLRGCQASLSTAQERLGHPGVPTR,0
GHEGAGIVESIGQGVSKFKPGDKVIPLYMP,0
MILPLIGSVSVSETLVAMITVCMIYMLMKF,0
PNSAEQKYIQKEDVPSERYLGYLEQLLRLK,0
RNAPSLPNPLALWSPPQGPPRLDLLDLAPE,0
NNSTVTRLIYALFLLVGVCVACVMLIPGME,0
NEFKKASEDDIKKMPLDLSPLATPIIRNKI,0
RPFWRLIKRDVQTPFVVELEVLDGHEPDGG,0
THRIHYHHMQNFQKYGPIYREKLGNMESVY,0
LGHEGAGIVESIGEGVSTVKPGDKVITLFL,0
VYMLMKYKHTEIPEGLKRLPGPKPLPIIGN,0
EENIFKFDQQKELQRKQSEKIKEIISESTE,0
GDVDEIQKVKLESLTVKFKKRARWTNYDYI,0
PAVGGPVGYTPPDGGWGWAVVIGAFISIGF,0
SVTVSDRPLGVSITKAEVAPEEDERKKRRR,0
RKAYLEDFYTRMMHECYQIWAQLEHEAGTQ,0
SPINIRWRDSVYDPGLKPLTISYDPATCLH,0
VTTVKPGDKVIPLFLPQCRECNACRNPDGN,0
GLQRLPGPKPLPIIGNVLEIGRKPYQTLTA,0
REKQTDEIKDTRNESTQNCVVAEPEKMESS,0
DINCTKVLQGDVNEIQKVKLEILTVKFKKR,0
PDGGWGWIVVGAAFISIGFSYAFPKAVTVF,0
LEVAKHFKPHGFSSDKAKAGSSEWLAVDGL,0
RKPLCTPHRLLLGPGPSNLPPRVLAAGGLQ,0
RQSPINIRWRDSVYDPGLKPLTISYDPATC,0
DHIIKGSMVSKFPVIVGHEAVGVVESVGEG,0
LPIIGNVLEVGRNPYLSLTAMTAPRTDVFQ,0
EASSSEESVHQLNRDRRPLEKYELDKYRED,0
MTRDCASFIRTRKYIVEPLTKEEVGFPIAY,0
DGGWGWIVLFGCFVITGFSYAFPKAVSVYF,0
SDKAGSSEWPAMDDGLASASDTGKEDAFSG,0
TAVLQDVKLKPECLGDISVGNVLEPGAGAV,0
AKGLVKLTQAAVETHLQHLGIGGELIMAAR,0
RIKIVATGICRSDDHVVNGSIITPLPAILG,0
LLASAVFCLVFWVAGASKPRVPKGLKRLPG,0
FAMPRLHSRNAVSSQTQQQHSSSEEIFKQP,0
KTLIIICALFTLVTVLLWNKCSSDKAIQFP,0
YGFPKAVSVFFRALMRDFDAGYSDTAWVSS,0
DSVIIADQTPTPTRFLKNCEEVGLFNELAS,0
RGPADSGWMPQAAPCLSGAPQASAADVVVV,0
QLKPLRVSYEAASCLYIWNTGYLFQVEFDD,0
DHVVSGTMVTPLPVILGHEAAGIVESVGEG,0
VVLSQLSQRYGDVLQIRIGCTPVLVLSGLD,0
RQEIINELNRNHGMEGHEQRGSSSSSSEEV,0
EAELERQRGLLQQIKEHYALWRQRWRVPTV,0
KAVSVFFRELKRDFGAGYSDTAWVSSIMLA,0
VSNMNTGLGMNSMNTYMTMSGMSSTANMTA,0
HIQRDGKYHSIKEVATSVQLTLRSKKDYLH,0
VSSAEGTRQSPINIQWKDSVYDPQLAPLRV,0
SVGEGVTSVKPGDKVIPLFTPQCGKCRICK,0
KPLPIIGNVLEVGRNPYLSLTAMSKRYGDV,0
HLGHLKLTQEQPESSEQEILKERKLLRFVQ,0
SNVSAASLVPAVPQPEADNLTLRYRSLVYQ,0
CRPVMLVGGLFASLGMVAASFCRSIIQVYL,0
RTRILSAHPTVDPLRLKFLLRTALNKGLEK,0
PTDTIKNTVHVLAKFKGIKSIEAFGVNICE,0
QWTDSVYDPKLAPLRVSYDAASCRYLWNTG,0
VKPGDKVIPLFSPQCGKCRICKHPESNLCC,0
LALSRLSQRYGDVLQIRIGSTPVLVLSGLD,0
SAQEDSSSSSSSSEESKDAIPSATEQKNIA,0
ISSFFWNNAPVTPQASPEPGDPDLLRTPLY,0
DEGPTGIKAPDGGWGWAVLFGCFIITGFSY,0
YTVRAGYAGEDCPKVDFPTAIGMVVERDDG,0
EFVRTGYGKDMVKVLHIQRDGKYHSIKEVA,0
RIVCVMGPIDDSVASLVIAQLLFLQSESNK,0
IEQIEVAPPKAHEVRIKILATGICRSDDHV,0
RLSARYGDVLQIRIGSTPVVVLSGLDTIRQ,0
DDKHYQKALNEINQFYQKFPQYLQYLYQGP,0
TAYDLKKTLAVLLDNILQRIGKLESKVDNL,0
LRFCAGPLVAIICDILGEKTTSILGAFVVT,0
GVYGGDEVGALVFDIGSFSVRAGYAGEDCP,0
KLGCGEGGCGACTVMLSKYDRLQDKIIHFS,0
SETPAYFASKDGANKDGSGDGNKKSVTEGS,0
IKILASGICRSDDHVLSGALKVNFPIILGH,0
DVTDSLWRSKKTKPRGAADPNEKIINLVND,0
FYQKWKFLQYLQALHQGQIVMNPWDQGKTR,0
GRKGSGPAAFRLTEKFVLLLVFSAFITLCF,0
AVLHMAGPLCSILVGRFGCRVTVMLGGVLA,0
PPTLDFKPFRGKLLNASESGPVSAEKQLEL,0
TVEGIGNTKSRLHPAQERIAKSHGSQCGFC,0
QKLAGAWASEAYTPQGLKPVSTEAPPIIFA,0
VESIGEGVTTVRPGDKVIPLFTPQCGKCRV,0
LQIRIGSTPVLVLSRLDTIRQALVRQGDDF,0
MEHVSSSEEPINIFQEIYKQEKNMAIHPRK,0
IHGPDEHRHREEEERLRNKIRADHEKALEE,0
NKLKLCSKANVYTEVPDGGWGWAVAVSFFF,0
KPVGSLAGIGEVLGKKLEERGFDKAYVVLG,0
VHFSANACLAPICSLHHVAVTTVEGIGSTK,0
RRPKSSNPFTRAQEEERRRQNKTTLTYVAA,0
AGEVRIKVVATGVCHTDAYTLSGSDPEGAF,0
VPKGLKTPPGPWGLPILGHVLTLGKNPHLS,0
QKWMVPQYNPDFYQRPVVMSPWNQIYTRPY,0
LPQKFLFLLFLSGLVTLCFGALFLLPHSSR,0
WEPQDPSFGDKIARATVYFVAMVYMFLGVS,0
LDPLRGGCDLPAVPGPPHGLARPEALYYPG,0
GGCGACTVMISKYDRLQNKIVHFSVNACLT,0
TLVEYHKKYGKIFRMKLGSFESVHLGSPCL,0
PLSMEEVEVAPPQAGEVRIKIVATGICHTD,0
ASRTQVPKGLKNPPGPWGLPFIGHMLTVGK,0
SMDNSQENFKQNMDVAFFPSQETVENIYIP,0
DHLERLLAENNEIISNIRDSVINLSESVED,0
CEGGFQIKMVDTKAEKDCDVLVGFKAVYRI,0
TYKLPHRLIEKKRRDRINECIAQLKDLLPE,0
ALFASQEKFFQELFDSELASQATAEFEKAM,0
CPIDKRRPLIAFLRRLRDLGQPPRSVTSKA,0
EGLAFPVIVGHEAAGIVESIGPGVTNVKPG,0
RRYGDVFQIRLGSTPVVVLSGLDTIKQALV,0
EESINISQEKYKQEKNVINHPSKEDICATS,0
LLYFSECNKCDEKKERGLPAGDVLEPVQKP,0
QANSSDGFLEFSVGKFTYFVLSKSSPQEAV,0
KPKFSGFTFKKKTSSDNNVSVTNVSVAKTP,0
SFLVGANGIWGQRAVDIGERIGARVHPMTK,0
YGPMWMSYLGPQMHVNLASAPLLEQVMRQE,0
FLPVILGHEGAGIVESVGPGVTNVKPGDKV,0
LVAAATFCLLLLLTQTRRQHAPKGLRSPPG,0
QYPEVYQQQIVMNPWKHVKTTTYPVPIPET,0
QQQQQQQAATATGSTQLVESSPQPRRTAPA,0
LIFQIHSQYQNTTVSFSPTLLSNSSETGTA,0
YKLVPGLFKNEMKRRRDFYAAHPSADAANG,0
SSSSSNSYFSVGPTSPSAVVLLYSKELKKW,0
RSLEELPRLGQLRFFYQAFVQGYLLHLHKL,0
IVESVGPGVNNFKPGDKVIPLYVPHCRKCK,0
VQASSPGLISATEVLVAAATFCLLLLLTQT,0
LGKYKQGNSVFFQTPQDSASSSSSEESSEE,0
ENDRLTESLRSKVTAIKSLSIEIGHEVKNQ,0
VSELHLEVKGSLMNEDFEKIKNWQKEAFHK,0
NNMIALKPVLQAWLEEAEAAYREKNGKPDL,0
ITPCKPGDIKSIVLSSEEINYVIKQLSRES,0
FLRGYVLHLHELQALNKAKYGPMWTTTFGT,0
ATAVCHTDAYTLSGADPEGSFPVILGHEGA,0
QIRLGSCPIVVLNGERAIHQALVQQGSAFA,0
SSSSEESSEEVSEKIVQSEEQKVNLNQQKK,0
EEEEDEELTLKYGAKHVIMLFVPVTLCMVV,0
ELRRHRRAGDTIPCIFQAVARRQPERLALV,0
SPDQRLDHLLSAVESEFQKGSEKGDASERD,0
TPPLAVLLPPGGPWPVTGVGLVLALRPASE,0
VRTVYVAAPALVEELLRQEGPRPERCSFSP,0
QCGECKFCLNPKTNLCQKIRVTQGKGVMPD,0
HLGQWLLRQWQRKPWSSPPGPFPWPLIGNA,0
KAIPFIRTMQYKQEKDATKHTSQKTELTEE,0
IMLFVPVTLCMVVVVATIKSVSFYTRKDGQ,0
DGGLNWGRLLALVVFAGTLAAALAESACEE,0
AADGHRWKYVNGEWVPGGKPEPQAPSCVYI,0
PWKVQVLTAGSLMGLGDIISQQLVERRGLQ,0
AELFCKGGLSRLHELQVHGAARYGPIWSGS,0
VAALASCHYNYGVSVIVGVPPAAQNITFDP,0
TFLCTIVLPVLLFLAAVKLWEMLMIRRVDP,0
PIPNSLPQNIPPLTQTPVVVPPFLQPEVMG,0
SDSEEEVCDERTSLMSAESPTPRSCQDGRQ,0
IFDRDVFRRDSIIGKVAIQKEDLQKYHNRD,0
GLEESELWLRFKELTNEMIVTKNGRRMFPV,0
VIRAAQKDEYYRGGLRSAAGGALHSLAGAR,0
LHEARLLGTRGAAAPKAVLPFEAMPRCPGN,0
QPGEKVIPLFISQCGECRFCQSPKTNQCVK,0
KYGFIYKTHLFGRPTVRVMGAENVRHILLG,0
ESISSSEESITHINKQKIEKFKIEEQQQTE,0
ELYFSTTAVCITEVIKLLLSVGILAKETGS,0
SSRTFSGEPSSDLLSDANTTLYFNVILEGT,0
SMSGLDPNAMYTVLLDFVAADNHRWKYVNG,0
TQVVPVQPPHLISQPYSPAGSRWRDYGALA,0
LQFWKEQNHDDLHLEMHQTFQELGPIFRCD,0
VTTVEGIGSTKTRIHPVQERIAKCHGTQCG,0
MVLQRRKFLQMKRRKYGFIYKTHLFGRPTV,0
PIPYGFLPQNILPLAQPAVVLPVPQPEIME,0
HGKPSVVYRFFTRLGQIYQSWLDKSTPYTA,0
AKCTTQTQTCEAEKCEMVGETEICTRCQTG,0
GPSQCPLCKNDITKRSLQESTRFSQLVEEL,0
LGKIPGRFQLHQEALPHLPVPPLQQTLDRY,0
GPIFRYDLGGAGMVCVMLPEDVEKLQQVDS,0
NPITKRIRHHPANACLIPICSLYGAAVTTV,0
TRTHGLFKKQGIPGPKPLPFFGTVLNYYMG,0
MKLLILTCLVALGFARPMVEKISESEEYVN,0
SGIYTLQNNLLYVALSNLDAATYQVTYQLK,0
ARTACTQEADDGKCKTCGVTIGQDTWCSEC,0
KGRCHRGSAARHPSSPCSVKHSPTRETLTY,0
QQSLDHYLKALQPIVSEEEWAHTKQLVDEF,0
AIPQYSRNRWLKMLQILREEGQEGLHLEMH,0
ACLTPICSLHGTAVTTVEGLGNTRTRLHPI,0
TPVFAIMDTEMIKNVLVKECFSVFTNRRDF,0
