name,Logistic_Regression_MCC_mean,Logistic_Regression_MCC_std,Logistic_Regression_AUC-ROC_mean,Logistic_Regression_AUC-ROC_std,Logistic_Regression_F1_mean,Logistic_Regression_F1_std,SVM_MCC_mean,SVM_MCC_std,SVM_AUC-ROC_mean,SVM_AUC-ROC_std,SVM_F1_mean,SVM_F1_std,KNN_MCC_mean,KNN_MCC_std,KNN_AUC-ROC_mean,KNN_AUC-ROC_std,KNN_F1_mean,KNN_F1_std,Random_Forest_MCC_mean,Random_Forest_MCC_std,Random_Forest_AUC-ROC_mean,Random_Forest_AUC-ROC_std,Random_Forest_F1_mean,Random_Forest_F1_std,XGBoost_MCC_mean,XGBoost_MCC_std,XGBoost_AUC-ROC_mean,XGBoost_AUC-ROC_std,XGBoost_F1_mean,XGBoost_F1_std
ace_inhibitory_activity,0.5121404207460974,0.0229820257709427,0.7559607959607959,0.0115009375860143,0.7567663117024355,0.0096424212115736,0.603403899832766,0.0185214920569713,0.801003861003861,0.0091258112707818,0.7942805693553305,0.0090338352660749,0.3543286998611791,0.0654534531345164,0.6643421443421443,0.0307082934650312,0.7168426222161822,0.0258550282174798,0.656142844575478,0.0338169074196835,0.827955152955153,0.0169280275504324,0.827733038328381,0.0181992934460209,0.5815892641990082,0.0232481217856727,0.7905969705969705,0.0116876377487696,0.7879845058239254,0.0115700794047009
ace_vaxinpad,0.8121299752959557,0.0396260791592881,0.9063359591228444,0.018752708163092,0.8954320677884591,0.0206548382500825,0.8600003238414482,0.014984169153793,0.9250713221205024,0.00899391481982,0.9174012993503248,0.0096858433285452,0.6636002577253624,0.1050702843550644,0.833739621034703,0.0533537575694515,0.8198733439630811,0.0530701978946905,0.8366236917416747,0.0179117769562018,0.9187694272940174,0.0080699363137249,0.9088933782314992,0.0094233602053523,0.7870951969581924,0.0342063868173281,0.8939117166986019,0.0168005699379702,0.8816380577559484,0.0179163751704468
acp_anticp,0.6630256341074208,0.0574443304243921,0.8284343434343434,0.0294265499967244,0.8284850992810201,0.0400150107131124,0.6617912424061123,0.0445491423791057,0.8237373737373737,0.0279526178014672,0.8072453547797149,0.044331511860882,0.4252377321071903,0.0756377752047514,0.698939393939394,0.0474608834258883,0.6291375105064734,0.1058117663700637,0.6133839421830067,0.0786939426751257,0.8037878787878789,0.0408267034215874,0.7981828270367886,0.0523981167125862,0.5326828721841356,0.1478763639673244,0.7637373737373737,0.0726025867198154,0.7619355450254867,0.0788359526753042
acp_iacp,0.7278163360400564,0.0324007778672236,0.8534036649890308,0.0201515884517029,0.8253617810760667,0.0247606598406824,0.7358486610551512,0.0606657586926009,0.8338043618531424,0.0421998559556321,0.7973964798190429,0.060828735901852,0.314747032807194,0.0792029639722124,0.6426732481610531,0.0465854270552397,0.638849716129797,0.0363019957349321,0.7597459588724039,0.0612065766071836,0.8654084397986838,0.0337245946956481,0.8412265617900019,0.0414249408849711,0.6245856421306369,0.0476488315328616,0.8114208284939991,0.0232797056851764,0.7738431938431939,0.0286637933199859
acp_mlacp,0.5372889102280712,0.0407939901561223,0.7606966976970309,0.0264212730080553,0.6746871439901939,0.0360285799714657,0.5712117695525716,0.0699244647209188,0.7448145605632283,0.0283115487077792,0.6557759427246471,0.0469233848573234,0.3295139348525062,0.1121014061854627,0.675856681131498,0.0606987841219154,0.5797488288045648,0.0581034715172986,0.5740030435868256,0.0565231653253485,0.7560912319714784,0.0257577631833658,0.672641677297194,0.0415807619367754,0.4938199405446122,0.063950897223583,0.738820448529809,0.0281906962423726,0.6446205876640659,0.0405136134823694
afp_amppred,0.6898894644245377,0.02954537470413,0.8446991044971007,0.0147541211183547,0.8412464217016199,0.0141185198578346,0.7639973512214138,0.029073232640265,0.8806204122918094,0.0142508285015747,0.8748693765565829,0.0143870906627717,0.4671418351447297,0.0320505448842651,0.7313455492769826,0.01732087336193,0.7413089892749201,0.0102202093393481,0.7758877274171606,0.0148450518842776,0.8859744400285445,0.0071589015008025,0.8795673333141506,0.0074316915249402,0.7323974555010977,0.0295200078805608,0.8652954764919363,0.0145255011662016,0.8597631520172108,0.0142158967277966
afp_antifp,0.6243285630410762,0.0165036676046487,0.8117238619780632,0.0078124258577301,0.8158312474299414,0.0098143806467741,0.7233232162221939,0.015157841994966,0.861463776302782,0.0076851273697101,0.8598959185902366,0.0093662773271987,0.2674939978396894,0.0407029593818675,0.6240632208256838,0.0221881016727974,0.6796717937048838,0.0151804404174455,0.7224978066901399,0.0220582260927362,0.8611048345337288,0.0109533989682248,0.8619235191330139,0.0117577484363455,0.6910632886007182,0.0337518790266903,0.8453337570023066,0.0167718259373547,0.844794896114837,0.0180602996686831
aip_aippred,0.1958639439021377,0.0383646452911954,0.596584126984127,0.0184073210538617,0.507997095264962,0.0258440373153979,0.248230052498959,0.0583477890616222,0.6026888888888889,0.0239566640747481,0.4355836678748931,0.0390625938587138,0.0310492176866064,0.0536847539983827,0.5139555555555555,0.0254499472210661,0.3633843578648961,0.0466808566250823,0.2350517438220237,0.0350471392055997,0.6046349206349207,0.0180796089563661,0.4636805818414171,0.0382867309764337,0.2087111424676784,0.062243888558115,0.5986,0.0292717821206881,0.4834041415308261,0.0428062668058807
aip_antiinflam,0.2728983427518164,0.0328138019788114,0.6344490856603869,0.0163434332541751,0.5560651410170452,0.0217318800390062,0.2822538405939113,0.033407550526623,0.6296007070358753,0.0173460197434034,0.5149583332879999,0.0324447530135622,0.1157469904548024,0.029610801802155,0.5581716921991736,0.014640442103227,0.5301268831501675,0.0213422349265814,0.2698479833558731,0.0096999435902911,0.6189331179116214,0.0057825534807083,0.4842076406241117,0.0161656920962627,0.2370569752458883,0.0265431045343101,0.6132241486249739,0.0133891287592022,0.5109631519568698,0.0210769996993678
amp_antibp,0.8333465643197812,0.0387293537635982,0.9163726276396684,0.0193017349474547,0.9153123552245956,0.0196424959995632,0.859038432766716,0.0390245635299644,0.9269179363806468,0.0201739612539772,0.9225350019382188,0.0219104359086653,0.6634783809557021,0.0319536310856073,0.8151296444800856,0.0149108269744113,0.8401452050339359,0.0132676085737336,0.796498481363273,0.0605272972050503,0.8978080727078321,0.0299470920344918,0.8965311250141342,0.0296315053739411,0.8137466977629902,0.0787012433896496,0.9058941459502808,0.0396623680005896,0.9044036854645888,0.0417251520798846
amp_antibp2,0.7004256527885261,0.0246536712310487,0.8499589868534592,0.012126918602972,0.8518978763657847,0.0136561863548775,0.7760825919445338,0.0224749427679104,0.8847610527384397,0.0118693816008829,0.8769592041457746,0.0141306415454396,0.48235581171261,0.0789931803327224,0.7348020912644028,0.0409472286671914,0.7577145885250276,0.0226456892490046,0.7874714156780269,0.0144577511110383,0.8927132379067052,0.007313892614428,0.8890906336285423,0.0077419144780482,0.7518418071132145,0.0182337344179588,0.8756125831176081,0.0093530799259196,0.8737602271973728,0.0105450252360982
amp_csamp,0.8656325519229442,0.043414752342977,0.9169871794871796,0.0226074030918239,0.9514840714840714,0.0143074837538114,0.7995502092689193,0.0795496084683336,0.8881153846153846,0.0420178807309184,0.928818191304318,0.0261510118873285,0.0,0.0,0.5,0.0,0.77103294715235,0.0072382303828512,0.79288562981805,0.0895721026968524,0.873403846153846,0.051167341256981,0.9271668682195,0.0283969549961896,0.8858647444660577,0.101416921839987,0.9432820512820512,0.0536591134871191,0.957414076741808,0.0370508791239152
amp_fernandes,0.4867566435624294,0.1484076567178579,0.7396739130434782,0.07194469888423,0.7425406656678304,0.0815153307262531,0.6152760583500699,0.1221437085068162,0.8047101449275363,0.0603279910044644,0.8078122400475343,0.0604842542815172,0.2893739637796786,0.0974465817099592,0.6244565217391304,0.0463838875942432,0.7016851743619715,0.0308935588590647,0.4727651459113895,0.1840725551553521,0.731159420289855,0.0913848276546924,0.7457222475553529,0.0811935020296808,0.3618091272779786,0.1420933801463692,0.6798913043478261,0.070115014882044,0.6871449275362319,0.0761059686391801
amp_gonzales,0.836331890077639,0.1610769848115777,0.891904761904762,0.1184901232046458,0.8414141414141415,0.1750012753754158,0.7869929946213994,0.1588419686530815,0.8552380952380952,0.122209440683976,0.7918181818181818,0.169744582065219,0.701138740564204,0.0940987771372537,0.8645238095238096,0.1023100529702507,0.7305128205128206,0.1186722512703149,0.8581577288026894,0.1738734573270927,0.8966666666666667,0.1222020185321557,0.8595959595959595,0.1854959131697331,0.7651203980802179,0.1672388795096262,0.8738095238095239,0.0898505940531318,0.8072727272727273,0.1392304706841938
amp_iamp2l,0.7198201625701972,0.0197103753472271,0.8615929003429003,0.0098109110254021,0.7945239542250253,0.0129061145596942,0.7497694828584932,0.0229983128493815,0.8746708156708156,0.0162352805739165,0.8158960995162566,0.0180051234114023,0.0406283474937067,0.0335873189989814,0.5094157734157734,0.0074534311607376,0.4238222046552521,0.0051101002018007,0.7249386053398624,0.027345861279795,0.8523227583227584,0.0204644076349188,0.7934513603618323,0.0229295476232744,0.7309291225089746,0.0191561212038571,0.8702287239787241,0.0086098330121024,0.8037580872119735,0.0126493832388499
amp_modlamp,0.8247281552939288,0.0095700552403358,0.9125361961102604,0.0049586121595706,0.9084510447964498,0.0054414853374008,0.8447440393535448,0.013965012376097,0.9227422022519544,0.0068971177574699,0.9198418825863875,0.0073104129382965,0.720691038339967,0.0203610302888469,0.860005327264157,0.0110702940094953,0.8582803581254652,0.0094425109900366,0.8230681685546848,0.0189504527848454,0.9116385660455244,0.0091374578283681,0.9087265124250172,0.0093947043456148,0.8334916038519996,0.0222306695974062,0.9171048690078736,0.0110231898974168,0.91393561441926,0.0114778779109014
anitinflamatory,0.3173656016403711,0.0095072928698385,0.6508406391635335,0.005026137161393,0.5481218480797536,0.0108253242883817,0.2539859014572532,0.0260395391746686,0.6075465566067171,0.0137159292340013,0.4448221708426562,0.0290294375458469,0.0808368883380533,0.0205478550807653,0.5413662761781012,0.010483732144195,0.4626578193185069,0.0147426922496799,0.2621521607794345,0.0214903092850363,0.6190733238656387,0.0115849047546766,0.4864654697077748,0.0226908529808318,0.2348798228282582,0.0277721453060558,0.6102650364389263,0.0142013753058801,0.4866903771882548,0.02642893499888
antibacterial,0.7781283383482247,0.0036307207532944,0.8890427922997214,0.0018125164889422,0.8889450300744294,0.0015478335984002,0.8284419108878363,0.0055279175486546,0.9127798940408948,0.0028787549583078,0.9090014772035636,0.003227856040303,0.5177893523155276,0.0098824028656846,0.7497580892333289,0.0045669282341182,0.7788037739026727,0.0044019531953158,0.8439135827747102,0.0038925781166452,0.9199080155289928,0.001839452877964,0.9157774344069431,0.0018874352544522,0.8186282343883201,0.0051701166866583,0.909156742122393,0.002603257796602,0.9079639543243652,0.0027077426019225
anticancer_alternative,0.7478642338428368,0.0234823911708906,0.8737113402061855,0.0116408142171507,0.87292723270285,0.0107304596397871,0.7634547939496922,0.0164667682318075,0.8773195876288661,0.0087172858377772,0.8672703612473175,0.0102635609016565,0.5067811282773802,0.0334355779845257,0.7510309278350515,0.0176014134834678,0.7644322738565773,0.0158723843542679,0.7785718351318237,0.0137144136926357,0.8881443298969073,0.0068384016295987,0.8838825899255823,0.0071701119560217,0.7585938498429812,0.0194430429059978,0.8783505154639176,0.0094204468466479,0.8742491459697304,0.0088841686649511
anticancer_main,0.4219199081920253,0.0511394950233293,0.7107911009544294,0.0255181837794598,0.7147205826258085,0.025628773871536,0.4759723468296584,0.0193296370207566,0.7375252050006721,0.0095924320745938,0.7293591079182062,0.0094505631688124,0.3662506906924929,0.0178090252289627,0.6730340099475736,0.0083050677375546,0.7152205489389628,0.0139464856639262,0.4875003680306514,0.0207314382170149,0.7427275171394006,0.0100158210183989,0.7319571536028098,0.0095516241572417,0.4774957779812602,0.0306722839871773,0.7386846350315903,0.0153737431836113,0.7383116050486729,0.0161913283070995
antidiabetic,0.268545155796653,0.0429757293534273,0.6332003546099292,0.0217776766978024,0.6267071820601606,0.0292476267033211,0.2470001237601357,0.0457986383016313,0.6224734042553192,0.0222372872517916,0.621137269535007,0.0337962218402687,0.1171114518237918,0.0413931504018576,0.5573138297872341,0.0205941071091552,0.5718449614104634,0.0501180418229169,0.2254280711735705,0.0896334729284172,0.611968085106383,0.0448377841079157,0.6163143969418242,0.0526095184201601,0.2885832882608728,0.0753092666079972,0.64375,0.0369978365578892,0.6489775931052946,0.0410730404638138
antifungal,0.8220070477441919,0.034761392720925,0.9108750824831228,0.0172718793245845,0.9108763287749128,0.0173472667433046,0.8525180979570702,0.0427972555214619,0.9244784528704126,0.0220812535031646,0.9208570653497642,0.0237660792455021,0.22885600685248,0.0673778579712585,0.6128597533120146,0.034151299320143,0.6266615244043638,0.0316528551947814,0.8380976067145992,0.0251707180599397,0.9189305111415664,0.0124633188171777,0.9192128423496944,0.0128367412200648,0.8201483513286589,0.0375328221076533,0.909867519415258,0.0188221287414998,0.9087336884965832,0.0192268784387196
antimalarial_alternative,0.7816326793675856,0.0670305303253565,0.8662659508247744,0.0346223471423507,0.8116569908079342,0.0570234835438179,0.7725864815227219,0.0576010385660604,0.8338204170557113,0.046305274272213,0.7872405764428932,0.0641173060115332,0.0,0.0,0.5,0.0,0.2896004408928079,0.004400846823628,0.8177794175334965,0.0375800229644188,0.8635294117647059,0.0325668508778516,0.8327661759203883,0.0380686264487973,0.7600348658047116,0.0571714526348787,0.8625568004979771,0.0316492663638677,0.7960818577625302,0.0490058153797421
antimalarial_main,0.701469882540026,0.0201967146863222,0.7938164056255435,0.0146285971576829,0.703366841401994,0.0207101547789001,0.6945322655875922,0.0478970399012365,0.7502645502645502,0.0326229201647404,0.6645468352785426,0.0595979184648198,0.1363228640069362,0.0251775255297715,0.6286979526109961,0.0236225781178746,0.1543579654200668,0.0078091678040636,0.7304515674385277,0.0287509684330637,0.7784621578099837,0.0258155808959206,0.7110380613943207,0.0379327890014577,0.7431842696811731,0.0361539088916261,0.8227834898800264,0.0288881043932872,0.7458137979310882,0.0365231140565569
antimicrobial,0.5890425381943153,0.0107123879864424,0.7942665956182239,0.005302019626481,0.7899824532613631,0.0049827619081243,0.6567781515644324,0.0078692188908513,0.8247460847721131,0.0035178620850202,0.8107649922069282,0.0032872392346803,0.4545316844301555,0.0199082156696214,0.7229040465406338,0.0105681326355959,0.7475499779840864,0.0074574251841512,0.642178534142622,0.0072446021591591,0.8189409487894925,0.003563075699649,0.807898344554966,0.0039312133574508,0.6017917148023575,0.008921546723451,0.8003147406975826,0.0043219746768431,0.7940231436549162,0.0036523493891752
antimicrobial_UniDL4BioPep,0.8562021994857621,0.0100888976677562,0.9278495860882544,0.0047981221156559,0.938468600444726,0.0046008931840928,0.8857161842053054,0.0091489702891358,0.9458328969567062,0.0044536228502854,0.948610950867969,0.0043875382109705,0.0,0.0,0.5,0.0,0.727462200413903,0.0001650802079082,0.8705230908011231,0.0139252347529629,0.9391785744916026,0.0069109258975103,0.9396860736553428,0.0069095006261203,0.8836818556659797,0.0117292698956465,0.9438902926623962,0.005794148146431,0.9487818141983186,0.0052869461601183
antioxidant,0.8244846109899108,0.0213704693874499,0.9117924528301888,0.0105052157789245,0.9101538300948936,0.0095768498278289,0.8351947789289523,0.0200289812855838,0.915566037735849,0.0104840145145721,0.911334023998148,0.0117163383458887,0.6508474452085438,0.0136471643212259,0.8221698113207546,0.0052947981888309,0.8094988711841292,0.0034018534145962,0.8150942252624148,0.0326393947192507,0.9070754716981132,0.0163809012775333,0.9058605793815854,0.0153210852845492,0.8412794412460505,0.021114673047885,0.9202830188679244,0.010484014514572,0.91874205394705,0.0103543689393695
antioxidant_UniDL4BioPep,0.4671444837091173,0.0471180183232334,0.7329897891346637,0.0235969390202587,0.7212676578519275,0.0244587028000689,0.489206308542294,0.0349481050661894,0.738570959084288,0.0151665743905982,0.7069104185017543,0.0144070370473885,0.3639153381467083,0.0458247793043175,0.6783119673531448,0.0215224558390433,0.6431085722050534,0.0239100053343523,0.4886130880271782,0.0907102568201967,0.7437220522610082,0.0450661909389052,0.7331741523294542,0.0440000688319249,0.4785112847482167,0.0353527948064775,0.7386762632180753,0.0172470365924896,0.7274508566619365,0.014938989897399
antiparasitic,0.5011343049206488,0.0195249702434978,0.7460517691973685,0.0205774932205239,0.6158421327151551,0.0225816080346607,0.5187273789611601,0.0576555953515129,0.7078411613865199,0.02841665383624,0.5754697625170093,0.0548416259366463,0.0826543227142833,0.0303944426401656,0.5178513202415186,0.0093928164605443,0.3959365897669899,0.004895932097514,0.5116437781076287,0.0836777583715697,0.7162545776292182,0.0401787541004794,0.5859524321139775,0.0741250808211338,0.5107065280806599,0.070743321226968,0.7457125945224108,0.0369774556884267,0.6193591053182275,0.0585611794766075
antiviral,0.4624012927007024,0.0194850471499368,0.7309801000196343,0.0097497175577127,0.7279812274842241,0.0119712540402821,0.5676970625219813,0.0208464434284874,0.7744563020454361,0.0105351354958299,0.7415278425412659,0.0135939236896892,0.3469271599802564,0.0113857175896398,0.6727235716018155,0.0058143079422511,0.6865948011823793,0.0052647626786433,0.5865552426562249,0.0371873135525853,0.7878737742974948,0.0181980981466616,0.7660796505591565,0.0206903808819076,0.5207876322793006,0.01934094176732,0.7593421918852431,0.0097483928316646,0.7481317184343447,0.011066053144101
anti_MRSA,0.6753841902636146,0.0626351536038775,0.7858643494124848,0.0237192976618731,0.6999205342514363,0.0510040980469411,0.6309474179894983,0.0465319201416753,0.7226266748282664,0.0229726000760818,0.6134299808718413,0.0479215533969462,0.4489436284014101,0.139547783583859,0.7064393421110537,0.0551607689734186,0.522311070927217,0.1103220909769641,0.4967360144798723,0.0670533133693756,0.6473257958559878,0.0367940858087822,0.4487426603705673,0.083049372355392,0.6317105572972102,0.0370249365105923,0.7551746942400711,0.0406335504230941,0.645868709199586,0.0485703152462453
atb_antitbp,0.5451036763636294,0.0525569469628564,0.7723265306122449,0.0264099611412099,0.7703974567579994,0.0267439454277085,0.5888508989744299,0.0118973918612745,0.780408163265306,0.0044879402473154,0.7414193102715341,0.0088936799729171,0.5010857340918711,0.0793211426917612,0.7315918367346939,0.0381728461181245,0.6675420531649984,0.0524366647934479,0.5586591874832909,0.053767527105196,0.7785714285714287,0.0270763340094307,0.7703992103531476,0.0294238634407954,0.5294560895890903,0.0568997683310208,0.7641224489795919,0.0285225237432287,0.7601281748971054,0.0295702748191289
atb_iantitb,0.3472664375082908,0.0566626573611758,0.6726530612244899,0.0283522203099062,0.6683271519513292,0.0442583593083387,0.4753890768186204,0.0747187557569542,0.7277551020408163,0.0361377806734631,0.685694999910443,0.0544149500240346,0.4036465718949345,0.0579877353859781,0.6789387755102041,0.0241966812515719,0.5837094017094018,0.0332665383800415,0.4899079128449372,0.0656914390543311,0.7438775510204081,0.0327920511289369,0.7389896398725633,0.0423910167515645,0.4126749201124856,0.0592274763367766,0.7054285714285713,0.0299869748206138,0.7007991608877486,0.0292757710079347
avp_amppred,0.4917967183317141,0.0438441389312371,0.7458402728907655,0.0219053122985307,0.7428689994742058,0.0222758621442044,0.5590329677934027,0.0560789785610272,0.7773900078826188,0.027036513342459,0.7627312139440953,0.0268857586615426,0.3142114184924077,0.0724354241214729,0.6554793894880102,0.036831692652885,0.6686364870654261,0.0271084680635664,0.568613739976145,0.0375407944412129,0.783081340488976,0.0198469248416634,0.7723232168994814,0.0266522256315874,0.5254486821737192,0.051881568187185,0.7619668613018366,0.0268451135190332,0.752100373062056,0.0345999415506519
avp_avppred,0.4352062340781337,0.0583077892300309,0.716107491685813,0.0282883891251458,0.7605249546432614,0.0275620423346159,0.5405042208740568,0.0812886599767492,0.7698534919585811,0.0408970228792546,0.804357356623821,0.0340605962826923,0.2783971586252257,0.0594795822144502,0.6379453991334362,0.0286923650777071,0.6193231853161933,0.0240473192378515,0.5435280651200203,0.0525612407497494,0.7701288305584406,0.0254484594623843,0.8077106336168821,0.023898329119572,0.4670472461996144,0.0315572528649477,0.7339251618250296,0.0156680299466936,0.7687751801458598,0.016564794272377
bce_ibce,0.227953326783651,0.0350487600448176,0.6119584754740355,0.0175606626928589,0.5462051115013333,0.0234189936829382,0.1775025244927497,0.0433315828001979,0.5824313069031778,0.0212858041472889,0.4683398463300346,0.0358305954431638,0.0446594726319533,0.0281572793796488,0.5223313871909314,0.0140458113522043,0.4675013733529444,0.014447609965896,0.2070568311187995,0.0460045505672177,0.5972215116608242,0.0231430215109105,0.4955931492708931,0.0387546157957376,0.1843713144149613,0.0468904733222349,0.5901292789723167,0.0234043951314579,0.515329756119267,0.0322885445667915
bitter,0.5712571603191611,0.0863938656617064,0.784375,0.0432448515721813,0.7785586330439577,0.049956570273196,0.5772175471693726,0.0595364468965471,0.7875,0.0306186217847897,0.7802201035781545,0.0384038587729878,0.4274535404541701,0.0714343312198017,0.703125,0.0352862180957381,0.7425399119875478,0.0300346617515489,0.6016406987804326,0.0630978624897425,0.7984375,0.0302173118840839,0.8048238942724707,0.0321099949680941,0.6159571157553987,0.0643181317492472,0.80625,0.0325510416499994,0.8078200838423065,0.0361888131983695
blood_brain_barrier,0.491192423034663,0.1573553688108321,0.7436594202898551,0.0784296857443987,0.7460599065986799,0.0869610655360387,0.437781932011377,0.1290580216174639,0.7184782608695653,0.0646650320699742,0.7211745045844424,0.067969484929918,0.0828266167799033,0.1152167619377665,0.5255434782608696,0.0339759651015077,0.6670766914245176,0.019766079902497,0.4652977962450395,0.1138268533336516,0.7309782608695652,0.0567668181653021,0.7262501942501942,0.0678545530821229,0.4322230545663014,0.1198529661363813,0.7139492753623188,0.0596490603192993,0.730217130387343,0.0526127356342644
cpp_cellppd,0.6792820340677552,0.0310041560180466,0.8395291772103366,0.0155866538540352,0.8392542730867923,0.0173644693609858,0.7532866953229821,0.0494828257299104,0.8724024231270608,0.0251217285182653,0.8619485612466675,0.0281370619065807,0.4388244174825268,0.0299038974758378,0.7112989801395597,0.0167222437506268,0.7442623212322241,0.011256914125085,0.7366934930247611,0.0440932728677114,0.8680507629782992,0.0219599249475529,0.8667021955489338,0.0217009092120379,0.71295566037159,0.047888500634123,0.8562725251131049,0.0238328396650001,0.8545896656272708,0.0234743075258357
cpp_cellppdmod,0.7664662947734754,0.0512865046423939,0.8830304724629577,0.0257045875961539,0.8828801654112214,0.0269945874327867,0.8291524887124384,0.0357914842443983,0.9138617090671884,0.0182174275124742,0.911499982662122,0.019312618952228,0.7235026257680262,0.0411863391894125,0.8611732364178548,0.0207280640235952,0.85831895257039,0.0208531752710362,0.8198617873274253,0.0419781763850374,0.909724163638058,0.0211190934644532,0.9087769449466896,0.0219706942569835,0.7814171093158924,0.0364344059923721,0.890550740844283,0.0182775777683611,0.890509635427834,0.0195844982748523
cpp_cppredfl,0.6971812061347865,0.0797162960294872,0.8475338943431512,0.0399160178604464,0.8509407138150925,0.0401041306404406,0.7351556917218535,0.0459948989509818,0.862669471715755,0.0244043916617516,0.872872892511458,0.0215448443214829,0.5267047893419731,0.1017800402075425,0.7629967274427302,0.05099641088091,0.7622608850515504,0.0557895208769818,0.6413141828577908,0.0564862161437699,0.8172043010752688,0.0281444681782433,0.8038489610477765,0.0318871816580045,0.6285348975614491,0.0519512981500887,0.8139784946236558,0.0259326802968015,0.8142004677201742,0.0232493163429839
cpp_kelmcpp,0.608481912944694,0.0257228005365684,0.8034508450845085,0.0128789075388099,0.8099497757727161,0.01329195369099,0.6813392972267136,0.0226398463865775,0.8404419441944195,0.011231615271849,0.8427908998695841,0.0116660470895599,0.4983672598710994,0.0545146332676935,0.7421603160316032,0.028351991076135,0.77077475349614,0.0215829387008811,0.6425459657636056,0.0482659618199338,0.8203516351635163,0.0240021979551932,0.8266250810381,0.0224863336649591,0.5943102478720172,0.0314212157787661,0.7953807380738074,0.0158456214170596,0.8048089856344189,0.0155483779349122
cpp_mlcpp,0.6293610193702092,0.0586254366972707,0.8136462774414952,0.0290054034460871,0.7718347678170638,0.0359672067546986,0.7081694569596046,0.0283129938081839,0.834244393732438,0.0197585278631775,0.7988325526237893,0.0261206845924917,0.2745886389209724,0.0639774011288583,0.6164715056652519,0.0347754788369807,0.613097438509987,0.0234074234339424,0.6913772005862429,0.0554386515533066,0.8333488783519438,0.028742739886561,0.7972051496391228,0.0376878413118283,0.6924501019489911,0.0394412910117907,0.8372427279692761,0.0208226409521679,0.8020127251263485,0.0264439758259729
cpp_mlcppue,0.1836450523479957,0.0955185413017709,0.5912517780938834,0.0474441830870006,0.592557587122988,0.0341811678095416,0.2494039456427569,0.0570026444526142,0.6229018492176387,0.027693182900772,0.5912774383859719,0.0279042001790271,0.1957369477888527,0.1022011928614019,0.5970128022759601,0.0517033013034687,0.6286380286380286,0.0302247289517634,0.1835569167352008,0.1034218332005895,0.5912517780938833,0.051467559411915,0.5866106897797039,0.0580863635140628,0.2100743087032939,0.1516256619516585,0.6046941678520626,0.0755883917860071,0.615594434139035,0.0491742054261878
cpp_sanders,-0.0515247076038355,0.0980724080162946,0.4828627893845285,0.0338979338182276,0.8380980392156863,0.0260658675323009,0.0,0.0,0.5,0.0,0.8671191553544496,0.0087481146304675,-0.0807135084255454,0.0691107301547011,0.4774703557312253,0.0203317330428643,0.8441776710684273,0.0227403609574108,-0.1096505907312456,0.064570049703754,0.4683794466403162,0.0232581073042288,0.8346966786714687,0.0275339686497347,0.1616969543464184,0.1633504135501632,0.5756446452098626,0.0811718431397783,0.8311929119473878,0.0339724837611117
DPPIV_inhibitory_activity,0.7131632921323369,0.0285143546207929,0.8555365686944635,0.0150133402868535,0.8599049308431763,0.0114716776491394,0.7030366674198173,0.0397650591708183,0.8502734107997266,0.0195709667740606,0.8552595772365041,0.0186216032886208,0.103708057109342,0.0420152108363865,0.5150375939849624,0.0062906768912336,0.671419991288831,0.004219697144004,0.6970609165223156,0.0207707538939943,0.8479835953520165,0.0101115801094886,0.850352550705462,0.0125285167677781,0.7045817469858828,0.022365816475994,0.8517657780815675,0.0111759857851362,0.8535896931862362,0.0096971096694107
HemoPI1,0.8878598546974583,0.020949472147045,0.943865683865684,0.0105292867944154,0.9436011991975296,0.0108285478123247,0.892689142904796,0.0378769539178128,0.944774774774775,0.0195493042251843,0.9422444728140188,0.021034740818045,0.7440234672727747,0.0219907951740457,0.8685995085995085,0.012394202171731,0.8738291180222288,0.0119344796942818,0.9015803979006554,0.0312897429386627,0.9502129402129402,0.0158132791812055,0.948977916031257,0.0166138128338366,0.8734904963020386,0.0364412694538372,0.9366011466011468,0.0182826483064003,0.9358428906224112,0.0187656378841196
HemoPI2,0.5221347374573205,0.0724258817872116,0.7599094619290974,0.0354391887675311,0.7858399942962728,0.0343652050867208,0.4952312191566919,0.0252823514404645,0.7456961334661194,0.0115284197030951,0.773566235336383,0.0165130264118238,0.422968461148181,0.0148270200367796,0.7115456027237232,0.0075182907807614,0.7142246679187009,0.0177370783320917,0.5386069244427746,0.052458233014204,0.7677591999751888,0.0256844591716415,0.7929694573022718,0.0250574339133105,0.5103827294536394,0.0582289833427003,0.7547897763886544,0.0289962843538021,0.7755979861423011,0.0255969318229617
HemoPI3,0.4937160867370882,0.0700962099385203,0.747080190194597,0.0349488771898089,0.7675668244340239,0.0326309941411885,0.5201227979529293,0.0587372231862397,0.7582710282922147,0.0284126345671589,0.7871639550320572,0.027626406495488,0.4376208809933035,0.0230355371869981,0.7182753633873488,0.0118905065943752,0.7080738130352001,0.0152639322873211,0.5502194001250217,0.02153981363343,0.7725239761710705,0.0100237032428799,0.8018666551545582,0.01051160680869,0.5319036703238785,0.0416587766233317,0.7647490085444081,0.0200381311184583,0.7903707179462833,0.0221451137869104
Hemo_HAPPENN,0.527011111221241,0.0164383353117374,0.7621844617111885,0.0069799896440491,0.7195043429000512,0.0078299023811843,0.6025954106869238,0.0192670141585009,0.795073788954409,0.0069753238993286,0.7558000848424826,0.0078970897413497,0.5350658060156304,0.0319556705229928,0.7616248610476445,0.0149642012489521,0.7138070281710083,0.0186255683693191,0.6207873079759809,0.0280862836702699,0.805193105837775,0.0145414673827349,0.7685058857939578,0.0187202290146535,0.5777268067758788,0.0262201567961763,0.7850924622553656,0.013535559400672,0.744677676771475,0.0174892488532581
hem_hemopi,0.7954528834505269,0.0230083901618393,0.8979838743631847,0.0113368299825031,0.8931329867136839,0.0116503641808487,0.8477697052635687,0.010706576407694,0.9227683044924422,0.0049046664064744,0.9181694280309218,0.0048861514104303,0.7184654724030549,0.0240456596267766,0.857936613195234,0.0129355464049377,0.8549357246231214,0.0112743853782091,0.8492944200520448,0.0273048737239242,0.924324870531767,0.0133274458851483,0.9202290549332308,0.0138777515152208,0.7912307209314676,0.0098258018499225,0.8954047198012715,0.0045900637484289,0.8895431195139588,0.004763359037833
hiv_apv,0.7193856273020799,0.0620909221026367,0.8566618582912835,0.0332434004626984,0.8888024076380241,0.0209407751611839,0.726131275047224,0.067935680087392,0.8637756418250483,0.0369609578464897,0.8879002280721189,0.0240159275367422,0.5752536076380637,0.046077812748993,0.7713546031042873,0.0261435660950588,0.843676252512646,0.0139348826691144,0.7052829165792343,0.0744680524146039,0.8510400795150179,0.0405135925078843,0.8825983819528496,0.0277311531757208,0.7134778949422569,0.0518776262410365,0.855255157215262,0.0282961108364535,0.8847493225003523,0.0199204560288758
hiv_bevirimat,0.6637931003716114,0.0904460423146069,0.8144104084321475,0.060855317515001,0.7402374715068214,0.0833745738749944,0.593318869704842,0.1141248784493293,0.7486824769433464,0.0891935717974378,0.6305576776165012,0.160257175800694,0.6656371459187668,0.192060758579061,0.8472880983750549,0.1005056415104191,0.7567082590612002,0.1403919657442092,0.7130279925007132,0.1064202678104724,0.8411780851998245,0.0717567004663461,0.7768387786963639,0.0989699844622665,0.5828443129071907,0.1274752209359441,0.7791447079490558,0.0596057862019496,0.6880392156862746,0.096999189443971
hiv_idv,0.840115211924451,0.039882498097467,0.9193657932569224,0.0203431765852587,0.9224559389538872,0.0192482839508521,0.8315477611139291,0.0425649297865565,0.9144286403560598,0.0219847834526898,0.9190723925052282,0.0201335042914672,0.7038946676331248,0.0602499304929939,0.8418326095947064,0.0294272800842792,0.8618760026390742,0.0268944202307264,0.855998962140314,0.0200138067090266,0.9276249064555516,0.0103690815109613,0.9287149369431912,0.010815678209637,0.8216544086562607,0.057860465052061,0.9103311842727166,0.0291277194711882,0.9118504652516016,0.0273882715442684
hiv_lpv,0.8020613465463466,0.0279994043019794,0.899797142680438,0.0132767252072493,0.8902638320076302,0.013696781092619,0.8278296308486851,0.0348484200558103,0.9112693013379513,0.0145161401471377,0.9031895501758516,0.0162853054381123,0.6887947459939501,0.0479903635951048,0.839944337930608,0.0290727966382555,0.8355569834225346,0.0248249996130253,0.8333196778790308,0.0266020559933361,0.9124339442417246,0.0115193125454552,0.9041783046857674,0.0134010836086057,0.7942159231986967,0.023928586239244,0.8953070690828128,0.0140790250232638,0.8848822295797945,0.0156627942386595
hiv_nfv,0.8228876966531615,0.0251939838276794,0.9144770093222474,0.0169499052889696,0.8903355733446287,0.0171513641887926,0.812894524446271,0.0197521590037645,0.9109979213907784,0.0094758924328949,0.8847712751884181,0.0111960239601286,0.6559376268170333,0.0318391370722081,0.8355997732426304,0.0172472271818751,0.7914105569774914,0.0167517097977973,0.8448403249441897,0.0451674000813977,0.9211803350970016,0.025309746533056,0.9027400128709232,0.0283112318880825,0.839701788642208,0.0459284356865372,0.9203127362055932,0.0245086078569819,0.9003775740502726,0.0290850746812464
hiv_protease,0.6135046252609421,0.0408856759774041,0.7687445781826068,0.0172915412842145,0.6543157894736842,0.0280107927215515,0.4607899690839517,0.0905640083267485,0.6378369659509867,0.0483698088442785,0.4187401646377823,0.1254777145157598,0.3573746028566826,0.1090045377030532,0.6067874376491,0.0426545913403881,0.3429763598184651,0.1099406823217027,0.3690781739903891,0.108365127292344,0.5919102418130557,0.0373467327744883,0.3063094863094863,0.1023505778506438,0.6685046619231121,0.0649542984619005,0.8130222565603991,0.0386180419719077,0.7112071382277085,0.0571942731191628
hiv_rtv,0.878879545956986,0.0587702581518445,0.939383355134378,0.0292763313842704,0.9377602108036892,0.0296386585234342,0.8701128670186616,0.0608869840547486,0.9351395730706076,0.0306116082690505,0.933710035627532,0.0305673189820336,0.6987907512203606,0.058721706364974,0.8400675368530424,0.0294199442306211,0.8494354993905959,0.0269034345899722,0.898017315472204,0.0765483452238929,0.9490440010019204,0.0381173804413777,0.94757511074971,0.0389200737428184,0.8776012026014779,0.0561789158615191,0.9386991734157132,0.0281935082823338,0.9360674284706386,0.0295984868109737
hiv_sqv,0.7939227648405014,0.0360784908048591,0.8952004074357015,0.0171825397051307,0.9186213233492972,0.0143337197214901,0.7533897128817566,0.0430663264366194,0.8768362617774381,0.023086664944051,0.9007883583061936,0.0161626115898817,0.6662153445689227,0.0821976613450219,0.813232492997199,0.0385550663470529,0.8766997256438239,0.0290577307294393,0.7706182280718482,0.0651067727012323,0.8844716068245481,0.0335328790784601,0.9094020424436312,0.0244795442928366,0.7899359591771891,0.0457626993000501,0.8958349885408708,0.0219638944639676,0.9145979722760668,0.0186517002071796
hiv_v3,0.8426514689920674,0.0265411340691727,0.90304724261246,0.0150915705170229,0.8630960964053971,0.0230072890298339,0.8541110910720022,0.0308340040756393,0.904788255223038,0.0228842823501372,0.8717735954578061,0.0279994097412162,0.7601002000047667,0.0480776597876935,0.8265255034820254,0.0317986637617515,0.7749111038091983,0.0485783674314172,0.8472926932463162,0.0401311941719455,0.8956559382646339,0.0294939939268737,0.8638487341096038,0.0379662446305179,0.8536242495355149,0.024354466883269,0.9167485413137588,0.0172309045840104,0.8738428204250989,0.0212569412067881
isp_il10pred,0.3441026861478592,0.0468142612479582,0.659809575841422,0.0245398187377885,0.5222292412460392,0.0413168030986615,0.3656937987449666,0.0288505225655228,0.6259103012038462,0.0197927190075384,0.4191773441630949,0.0523693661978861,0.1653256978746244,0.0736719471965514,0.5883678978294935,0.0397634428851213,0.4780653850521611,0.0448508016449398,0.3796759860562593,0.0354499572690097,0.6436609139948393,0.0185664301841815,0.4668063857048962,0.0429022133145537,0.3204930637492432,0.0760552244360435,0.6374422713434111,0.0361881623973516,0.4713772526999271,0.0707220850134636
nep_neuropipred,0.6732429555407757,0.0225000265244023,0.8365714285714286,0.0111976673955801,0.8367564838343959,0.0111224743032214,0.7143292840419136,0.0208068051634817,0.8480000000000001,0.010125740083811,0.828795384515457,0.0116976368193504,0.5598349415942232,0.0329981704251551,0.7714285714285715,0.0102220250399989,0.7436746371875607,0.0061241101739533,0.7547238684219109,0.0197338321449188,0.8742857142857142,0.0095618288746751,0.8659988697180893,0.0101554684578292,0.7141597224334572,0.0277841367713773,0.8554285714285713,0.0142971382893677,0.8482746740207245,0.0162624086307039
neuropeptide,0.6239142913870326,0.0152460677011999,0.8115463917525773,0.007586956491948,0.8159279278620648,0.0076865797061472,0.6703021177216486,0.0167190965161568,0.8350515463917525,0.0084259038110113,0.8341559099577133,0.0096572189619605,0.4491300114522231,0.019920447290354,0.7041237113402061,0.0075194154757981,0.754930905318672,0.0080289126236336,0.7016567370453698,0.0215411692338411,0.8501030927835052,0.0110381515994426,0.8454528074014794,0.0124257167261978,0.6898954801655515,0.0131176897025367,0.8445360824742268,0.0066938899302053,0.8477457196178506,0.0060891070654529
pip_pipel,0.3448169414209329,0.0324037740413237,0.6404265493712629,0.0185930256087799,0.4518643721674374,0.0354265962418304,0.2965340377214387,0.0389748649576877,0.5946645180850915,0.0143148917415997,0.3388685652428796,0.033907582121032,0.0561380774383488,0.0135203665718004,0.5228134118361862,0.0061583462641789,0.2293018596419752,0.0200652407115268,0.3437202099469399,0.0407618271059213,0.6275161727253545,0.0191048615250412,0.4210024274941573,0.040006917616848,0.3154342067460441,0.0346866918097195,0.6206543223134433,0.0164796024658572,0.4097028760767379,0.0350060500760003
quorum_sensing,0.7768469730804627,0.0723496587572417,0.8861245343803482,0.0378603910797387,0.8913731317634334,0.0328249129038466,0.7919375410000311,0.0750656386897658,0.8956986811637975,0.0377989253199219,0.8974580609624715,0.0352924125969953,0.2927306344171387,0.0449072475919604,0.5794019933554817,0.0224197113871136,0.7078988150585317,0.013018132746223,0.8024984252333187,0.0489786339857477,0.9005134400483238,0.024730068102151,0.9002035727729198,0.0253059483058206,0.6966976851025304,0.0894356647444764,0.8443043390717808,0.0481021450613268,0.8513734466433117,0.0389458938221797
tce_zhao,0.5215353600109176,0.0846890761815193,0.7262032085561497,0.0593130035933305,0.5705011655011655,0.0937341253360792,0.4310090327015661,0.1474980058644335,0.644658772599949,0.0579861889684404,0.4351515151515152,0.1340756806205506,0.5119021029022315,0.1871597944332678,0.7918194550547492,0.1172995652384627,0.594390198724564,0.1565065229106725,0.4713375691332906,0.0894755642799029,0.6684141838553603,0.0504787643916989,0.4790909090909091,0.1203163873204778,0.4338296163658438,0.0840917169178348,0.7163356251591545,0.0601598875216071,0.5253463203463203,0.0875581230787541
toxic,0.7630263900199982,0.0262703941181316,0.8814723326772971,0.0131264616433843,0.8817282944632568,0.0129322683275125,0.8387400202704404,0.0145769541094264,0.919250645994832,0.0072463617059149,0.91871559579414,0.0075501780355433,0.728253232743841,0.0165725512681919,0.8625831760185296,0.0086881697310772,0.8682661013972492,0.0071340103234715,0.844565009049137,0.0076047395457548,0.9220990480780816,0.0038474074283626,0.9230451028509752,0.0035986899879351,0.8289203950953103,0.0223646240193233,0.914339746421925,0.0112025560615348,0.9145137173490948,0.0112080683687379
toxic_PLPTP,0.7263109467922299,0.021796918616867,0.8569212634255765,0.0122698208502868,0.8015289630399955,0.0164864589027444,0.8057337800384634,0.018746226924441,0.8924390171773064,0.0091826305194591,0.857704886815146,0.0135986897073807,0.6635112489930014,0.0077781502378362,0.7918514858036665,0.0073170406454996,0.7265169418283217,0.0101285377211884,0.8270455288065618,0.0138510933815992,0.9051056724762514,0.0050764678704645,0.8739816240807068,0.0093393091275251,0.8128346316898278,0.0138850872252416,0.8979589270635089,0.0067536004509668,0.8636401413812986,0.0100192737686982
tumor_t_cell_antigens,0.3166360348488213,0.0537766483031414,0.6519143455246538,0.0263847767224616,0.7486017188052315,0.0186662581075961,0.4365104686149615,0.0218976490915272,0.6697786017844829,0.0125788858043113,0.8088411909048304,0.0059797098416312,0.1075814472395697,0.0276094930209922,0.5492762566383476,0.0112561584588767,0.6867201490438261,0.0211547978227964,0.3407502135333015,0.0253006785351833,0.6470493328287036,0.0074225467645547,0.776037156973197,0.0112999249874892,0.2547599143102405,0.0638592955595839,0.6210709735679132,0.0312221216386929,0.729367644493695,0.0228947301389477
umami,0.5963277379936627,0.0943458969011054,0.7801444184231068,0.0455614819098197,0.7051429869418662,0.0665063912500143,0.5428036928888346,0.066516326508417,0.7422326307572209,0.0414645987726184,0.6458792001649145,0.0590065563631864,0.4624348559025309,0.0507997940724178,0.713559718969555,0.0233268064100487,0.6045791245791245,0.0392434895068086,0.65075091806818,0.0720395888819224,0.8123145979703356,0.0353271117933367,0.7495310119081212,0.0498863533744655,0.5947742837607051,0.1103139129625023,0.7862060889929743,0.0545192705962955,0.7117615611901325,0.0765633156630839
