name,ot_M.ot_C.0.5.100,ot_M.masked_length_awarded_C.0.5.100,ot_M.dtw_C.0.5.100,masked_length_awarded_M.ot_C.0.5.100,masked_length_awarded_M.masked_length_awarded_C.0.5.100,masked_length_awarded_M.dtw_C.0.5.100,dtw_M.ot_C.0.5.100,dtw_M.masked_length_awarded_C.0.5.100,dtw_M.dtw_C.0.5.100
DPPIV_inhibitory_activity,0.08836994272972801,0.06776261146953463,0.07293395715634353,0.0996581917004642,0.07850211160243893,0.08384414328399045,0.07328057003804837,0.052875769490564925,0.05796553478824113
HemoPI1,0.11340545857676555,0.10638787986003981,0.1149217689419251,0.10768486058140939,0.10037929982509111,0.1094241044588335,0.10831622240417035,0.10151676474041639,0.1096096984668286
HemoPI2,0.11342259780256128,0.1062826649993646,0.10733588868216537,0.10142917526549274,0.09401775175764474,0.09510863795970226,0.0714324829307211,0.06439927294777618,0.06540296366475158
HemoPI3,0.12155265329423562,0.11759076663331196,0.11394967869809798,0.10880779359245826,0.10452421068915921,0.10081536469265613,0.0789203846529785,0.075060815202317,0.07146518789110232
Hemo_HAPPENN,0.15933891671016345,0.16612104265003208,0.15394237343037998,0.1712754121130704,0.1784721506055306,0.1661996555470849,0.18240338813423498,0.18898613211713913,0.1769302379614883
ace_inhibitory_activity,0.08490514272159888,0.08129486361685663,0.10138610884317686,0.0918120003581374,0.08777771736212606,0.10816693860387748,0.07480439382098165,0.07138549939764459,0.0913063995403287
ace_vaxinpad,0.17987022518918153,0.18085770103121288,0.19262479182893755,0.16233377055985462,0.16287602346164287,0.17640940347550957,0.2001588996227339,0.20118408571967036,0.2121571683643935
acp_anticp,0.2214957014280921,0.22906723050045516,0.2881845480584436,0.23121776413450265,0.23917981904103158,0.2989262326052763,0.20835956018874002,0.2157043199178024,0.2746601406847448
acp_iacp,0.212478908918471,0.2478207331968264,0.2567809123090271,0.24698188518922018,0.28255887387992906,0.29190875655443743,0.19756122429580544,0.2328464304140402,0.24163831249986076
acp_mlacp,0.18659596386388105,0.18878257134372686,0.19686100526648412,0.20114899406459194,0.20395386551809686,0.21267448818662626,0.22935254776028302,0.23120327487106812,0.23901335804589627
afp_amppred,0.14972303051533897,0.14372461945420104,0.15844863023638903,0.1251950718646952,0.11849133707387068,0.13422588466849558,0.12662165472702058,0.12097644627002715,0.13511147934835083
afp_antifp,0.20886108687470634,0.2439340630333941,0.20939481788579759,0.19938073380397695,0.24082445830272992,0.19917023754314425,0.20815240934976179,0.23933221009643868,0.20924876891423064
aip_aippred,0.22081712582525662,0.22377585409336645,0.22583144674198719,0.2754907576595937,0.278512919002413,0.2807545467462909,0.26302251840862784,0.26599156562187587,0.26800644379557076
aip_antiinflam,0.1996534058922629,0.20496117341719708,0.20561778206769457,0.21383660367942045,0.2194445711451897,0.2200824113525314,0.23414002852047006,0.23932930590758916,0.24001015547196936
amp_antibp,0.25467477388418347,0.26226765101822136,0.269480363486479,0.3412494078680388,0.3488416278755358,0.3560616746994546,0.3299541117782637,0.33754462173508226,0.3447646481521734
amp_antibp2,0.12141577753183765,0.1114556045984412,0.12350103427970505,0.11775095485013133,0.10740267393346056,0.11994728695907636,0.14378227182682374,0.1340795255310098,0.14575469203861896
amp_csamp,0.3180828393518437,0.3461941835720546,0.367308409806888,0.25314422438874534,0.2819168751749569,0.3029281273043659,0.3553878012764565,0.38283779231184323,0.40426473315640915
amp_fernandes,0.25637198013774043,0.24494340080972918,0.25323723987757707,0.2206380485587367,0.20955327828371628,0.21938345474830576,0.2545921182410277,0.2420042327692846,0.25141088073265494
amp_gonzales,0.2851306321305581,0.3376176980920737,0.28723974159653787,0.30371539551751175,0.35670533362799833,0.3070654733423866,0.26137834208413896,0.31365593592554036,0.2632444234204037
amp_iamp2l,0.2157354261093394,0.26373852826118377,0.2846162520329697,0.1888114299633333,0.23775762363766612,0.2577195120836903,0.2796559760704374,0.32686359175782204,0.3484739919066287
amp_modlamp,0.18184349706194194,0.24749482428124275,0.2175532343069813,0.2799281769532885,0.34575636116855146,0.3159900145768874,0.21490411942967647,0.2805084903834986,0.250470897226871
anitinflamatory,0.20086906611192273,0.2014397881160752,0.2064822662298645,0.24520033074003886,0.2457953422345484,0.25099635783312746,0.2387455419238556,0.23934190477786935,0.24432941175517436
anti_MRSA,0.21917603237025055,0.2371002482186432,0.2452448982727535,0.21132929951339052,0.23059600041363443,0.23924846138382044,0.23063425072140992,0.24785080995980935,0.25585338443789923
anticancer_alternative,0.16689942988110815,0.18034369031945935,0.19102813161436216,0.18033834965142279,0.19515005399422994,0.20588947835071034,0.22090771868008902,0.23339859125779513,0.24430603445676619
anticancer_main,0.1724270463681744,0.18240921780777802,0.1794852597976857,0.16498767362143113,0.17565680476215648,0.1726036736321742,0.19605917574205206,0.2055915379281562,0.2027436965135235
antidiabetic,0.2167179237636393,0.2173402620808296,0.22147962929169587,0.21480210877987083,0.21567143425651333,0.22004644794145528,0.22571400076243192,0.2262415292094779,0.23023722631143625
antifungal,0.24597799466538128,0.28972749610606224,0.2601190003913187,0.20930155588844512,0.2637563177497668,0.2227619964085626,0.2507146022887171,0.2880695966345067,0.2653501581624805
antimalarial_alternative,0.20607338646935805,0.23951490155001207,0.2587974400725552,0.1988304480065891,0.23197986914665727,0.2523149132727545,0.2554434562552487,0.28876093642905665,0.307872724234274
antimalarial_main,0.11906589285515819,0.11094357564073927,0.1204683728488949,0.0977987994055592,0.08862001979644389,0.09977159132270455,0.12230827824362481,0.11481533468101296,0.12341005984120208
antimicrobial,0.1611437388281543,0.1638817055129779,0.18191653920091305,0.19859001626586317,0.20178973239035633,0.2198417468885713,0.18137711765412615,0.1839397197490131,0.20200059568752501
antimicrobial_UniDL4BioPep,0.24096176666999627,0.31625439444092757,0.29551441782571924,0.2096357708990009,0.28505980837766726,0.26461582891226826,0.27630791470048854,0.35145731770693506,0.33064645856316227
antioxidant,0.12613976473049215,0.11325050223764903,0.12294507213565573,0.12746948866772304,0.11359126179354154,0.12469182471406938,0.14535986067127496,0.13306538856807273,0.14185277184633147
antioxidant_UniDL4BioPep,0.11180894186572532,0.09521662632644545,0.10066892379710199,0.10164049210078734,0.0837264384647429,0.08976022998976428,0.09636873809686777,0.08054714207825071,0.08562441616558501
antiparasitic,0.20706097019265401,0.2382515772593397,0.2530399651102713,0.15372771745377287,0.18473134765889287,0.20086082898488009,0.24022549909256807,0.27114011805089844,0.2855390657782847
antiviral,0.1005982845797595,0.09082811602003013,0.1025689433368927,0.08455018236250166,0.07390363374748127,0.08697989907704311,0.09954924711597372,0.09045420417918296,0.10106228074538272
atb_antitbp,0.1530240717382804,0.13625038093018257,0.15987943588599982,0.1305654549974802,0.1121514262377284,0.138240967036844,0.14065016153190735,0.12476657576896849,0.14698313415926065
atb_iantitb,0.13769433726753896,0.12395726909910543,0.13656880781506334,0.12314944517522114,0.10784324678651785,0.12240281630569173,0.12419638442714774,0.1113211693070924,0.12279395330015247
avp_amppred,0.17029822023983893,0.18600544734137395,0.17262817323545487,0.22368701314220826,0.2395441848486011,0.2262185930887785,0.12644606535199146,0.1421326455725005,0.12869735190993747
avp_avppred,0.16882958349057262,0.1773279364500353,0.1718502229779129,0.16302534084045045,0.17201782129988327,0.1657643385123992,0.09865001025728726,0.10697351245246023,0.10174425482071245
bce_ibce,0.18335354922034353,0.20714952686622196,0.23777409164949972,0.24409447872994075,0.2678464738693405,0.2986361856232787,0.159034839492296,0.18286033887302272,0.2134483393368521
bitter,0.12159575118439105,0.11090903709764768,0.11709016645892803,0.12777046292564637,0.1157021397303841,0.1218669315387581,0.09396810732753645,0.08379263596332814,0.08987996556133511
blood_brain_barrier,0.19381551967164196,0.20361889221706933,0.22311758283206248,0.17393217424799345,0.18391573358259042,0.20727125114138045,0.22431858592368287,0.2336862439614528,0.2509470182057005
cpp_cellppd,0.16062114231407967,0.16629056285319224,0.18952654422013848,0.15363207932016162,0.15950351224093182,0.1826657924713749,0.16397541377840896,0.1694226948264303,0.19284882637885936
cpp_cellppdmod,0.19052524729678572,0.19247742295015088,0.1971663394372051,0.17846500568669205,0.18078538300097916,0.18513036656938003,0.17202938639011994,0.17369730200144815,0.17884513742924438
cpp_cppredfl,0.19357441512150683,0.19345376618752927,0.20896416699735135,0.17007430799556494,0.1697534243516861,0.18625094769109748,0.1598326107705518,0.1597780743166295,0.17481200646404457
cpp_kelmcpp,0.19691092034230911,0.2064126484426836,0.20424182509185967,0.23869803891473787,0.24870870376985296,0.24659298038837257,0.16556778595172003,0.17494252175931452,0.17275015065809743
cpp_mlcpp,0.18602821393785174,0.19653556844523826,0.2122172686198421,0.18643662935771893,0.19741531339819998,0.21326772411359868,0.19783830946113196,0.20801326442059673,0.2237818055815996
cpp_mlcppue,0.1708914150583015,0.17627026990711925,0.17364185906954369,0.1870294653879454,0.19299323757465947,0.18988285821702,0.1524111822999256,0.15752187263229347,0.1550828170164966
cpp_sanders,0.2396902361125064,0.2517214251451586,0.2505576230661243,0.2262389223265453,0.23973729768163188,0.23711699031502562,0.2192195027997827,0.23046002116272346,0.22993835391881787
hem_hemopi,0.11306367178067774,0.10595152815434417,0.11451114804743874,0.10742451209577918,0.10003242889614263,0.10910069433007963,0.1078785345828317,0.1009805993296304,0.10909702785242166
hiv_apv,0.16223032637616774,0.15909362609562694,0.13868735268540394,0.17948923174642617,0.17646879737191523,0.15554508313250742,0.2499293408635876,0.24833324944095292,0.17934918227805136
hiv_bevirimat,0.2701983470622727,0.29874787383852697,0.2872238870325076,0.30969632106849465,0.3371030749660842,0.3262729993509989,0.3055964563356843,0.3352597588103198,0.321624593297608
hiv_idv,0.1592571029497486,0.15691122796770252,0.14661606995343773,0.17597169231413493,0.17372121380737712,0.16335952712296614,0.27973694223108225,0.27862254422483573,0.2179084527783786
hiv_lpv,0.17040893155387304,0.16730839180613016,0.14725822816017958,0.1879791115080061,0.1849759515718734,0.1642663434715332,0.25730375602506417,0.2560773841048399,0.1828076726473433
hiv_nfv,0.159922489130722,0.1568569314576314,0.13746150572104818,0.17564556163034406,0.17267897344240873,0.15323513633547528,0.23580276098398742,0.23414467503797873,0.16497500494330516
hiv_protease,0.24084025332762088,0.24690252366410775,0.25251994574092557,0.32533860605841286,0.331401520518536,0.337020231736617,0.3109709284935157,0.3170422928185755,0.32263752921134436
hiv_rtv,0.16226791041389815,0.1593368012051982,0.1390556633484321,0.1789956909585673,0.1761812787481974,0.15575080460539867,0.24467682978327238,0.24325071857571007,0.17198655824779183
hiv_sqv,0.1588986467085505,0.15606601507000012,0.1390394133529156,0.17644066522995014,0.17372597772522375,0.1564784185747673,0.2466041067742975,0.24518857523760937,0.17926131116661606
hiv_v3,0.28158983139009913,0.31626903292982494,0.2725084428642804,0.31236730854120975,0.34697697001034955,0.3033955014049905,0.26591331228031123,0.3024343781250993,0.25271358732248883
isp_il10pred,0.1828398431253379,0.19414971593784422,0.18391783383517163,0.24865625191371138,0.25995224013953755,0.24988604048365964,0.19888525936413437,0.21022247981836767,0.19991797904644884
nep_neuropipred,0.1506262980327076,0.13760246856323127,0.17404259723263693,0.11987017455697446,0.10333235585444032,0.1494921034460625,0.17473147443394713,0.16440995779028666,0.19383698612219957
neuropeptide,0.11426244952395163,0.09706272067483493,0.1226191785070983,0.08832810126939417,0.06867193445351719,0.09910423939267735,0.11573242769995098,0.10053147287232479,0.12237164966112968
pip_pipel,0.19894133713768825,0.20194983996600685,0.2049952305309171,0.25613730106329813,0.2591629040015468,0.26231071237070824,0.2403961301279009,0.24342844508980013,0.24644786054993864
quorum_sensing,0.22341776904657526,0.2255598549724383,0.27773501482809915,0.15734280542357562,0.1597102907182257,0.2121122534555449,0.2405706551334589,0.2423198079312167,0.2944890109762959
tce_zhao,0.2943327756665568,0.304826939434945,0.30108206965253453,0.3567368656322849,0.36723551917892305,0.36347461443918383,0.3469145921484728,0.3574309249680687,0.35367032246665386
toxic,0.23094223602157277,0.24918345744123804,0.2413234423556999,0.24258439232077406,0.26285167835734335,0.25373755761073624,0.27935410958389795,0.29652545064899344,0.2893876404623869
toxic_PLPTP,0.22385597056377274,0.2463306914765196,0.22921836815071595,0.2249208641018777,0.2505231718080339,0.23104881026328308,0.24386491067251503,0.2646777745245698,0.2488821576765085
tumor_t_cell_antigens,0.15654125386009207,0.2388711931889694,0.17726525280623834,0.22385033706885824,0.30615248733690864,0.2446317160344981,0.1174186005544544,0.1997710684119008,0.13813369736299608
umami,0.1338731939598633,0.12147496738634062,0.16941294015313646,0.1590702416547534,0.14474364893841737,0.19344632293393105,0.10751310181261192,0.09597796419523075,0.14337966523064935
