name,Logistic_Regression_MCC_std,Logistic_Regression_AUC-ROC_std,Logistic_Regression_F1_std,SVM_MCC_std,SVM_AUC-ROC_std,SVM_F1_std,KNN_MCC_std,KNN_AUC-ROC_std,KNN_F1_std,Random_Forest_MCC_std,Random_Forest_AUC-ROC_std,Random_Forest_F1_std,XGBoost_MCC_std,XGBoost_AUC-ROC_std,XGBoost_F1_std
DPPIV_inhibitory_activity,0.0285143546207929,0.0150133402868535,0.0114716776491394,0.0397650591708183,0.0195709667740606,0.0186216032886208,0.0420152108363865,0.0062906768912336,0.004219697144004,0.0207707538939943,0.0101115801094886,0.0125285167677781,0.022365816475994,0.0111759857851362,0.0096971096694107
HemoPI1,0.020949472147045,0.0105292867944154,0.0108285478123247,0.0378769539178128,0.0195493042251843,0.021034740818045,0.0219907951740457,0.012394202171731,0.0119344796942818,0.0312897429386627,0.0158132791812055,0.0166138128338366,0.0364412694538372,0.0182826483064003,0.0187656378841196
HemoPI2,0.0724258817872116,0.0354391887675311,0.0343652050867208,0.0252823514404645,0.0115284197030951,0.0165130264118238,0.0148270200367796,0.0075182907807614,0.0177370783320917,0.052458233014204,0.0256844591716415,0.0250574339133105,0.0582289833427003,0.0289962843538021,0.0255969318229617
HemoPI3,0.0700962099385203,0.0349488771898089,0.0326309941411885,0.0587372231862397,0.0284126345671589,0.027626406495488,0.0230355371869981,0.0118905065943752,0.0152639322873211,0.02153981363343,0.0100237032428799,0.01051160680869,0.0416587766233317,0.0200381311184583,0.0221451137869104
Hemo_HAPPENN,0.0164383353117374,0.0069799896440491,0.0078299023811843,0.0192670141585009,0.0069753238993286,0.0078970897413497,0.0319556705229928,0.0149642012489521,0.0186255683693191,0.0280862836702699,0.0145414673827349,0.0187202290146535,0.0262201567961763,0.013535559400672,0.0174892488532581
ace_inhibitory_activity,0.0229820257709427,0.0115009375860143,0.0096424212115736,0.0185214920569713,0.0091258112707818,0.0090338352660749,0.0654534531345164,0.0307082934650312,0.0258550282174798,0.0338169074196835,0.0169280275504324,0.0181992934460209,0.0232481217856727,0.0116876377487696,0.0115700794047009
ace_vaxinpad,0.0396260791592881,0.018752708163092,0.0206548382500825,0.014984169153793,0.00899391481982,0.0096858433285452,0.1050702843550644,0.0533537575694515,0.0530701978946905,0.0179117769562018,0.0080699363137249,0.0094233602053523,0.0342063868173281,0.0168005699379702,0.0179163751704468
acp_anticp,0.0574443304243921,0.0294265499967244,0.0400150107131124,0.0445491423791057,0.0279526178014672,0.044331511860882,0.0756377752047514,0.0474608834258883,0.1058117663700637,0.0786939426751257,0.0408267034215874,0.0523981167125862,0.1478763639673244,0.0726025867198154,0.0788359526753042
acp_iacp,0.0324007778672236,0.0201515884517029,0.0247606598406824,0.0606657586926009,0.0421998559556321,0.060828735901852,0.0792029639722124,0.0465854270552397,0.0363019957349321,0.0612065766071836,0.0337245946956481,0.0414249408849711,0.0476488315328616,0.0232797056851764,0.0286637933199859
acp_mlacp,0.0407939901561223,0.0264212730080553,0.0360285799714657,0.0699244647209188,0.0283115487077792,0.0469233848573234,0.1121014061854627,0.0606987841219154,0.0581034715172986,0.0565231653253485,0.0257577631833658,0.0415807619367754,0.063950897223583,0.0281906962423726,0.0405136134823694
afp_amppred,0.02954537470413,0.0147541211183547,0.0141185198578346,0.029073232640265,0.0142508285015747,0.0143870906627717,0.0320505448842651,0.01732087336193,0.0102202093393481,0.0148450518842776,0.0071589015008025,0.0074316915249402,0.0295200078805608,0.0145255011662016,0.0142158967277966
afp_antifp,0.0165036676046487,0.0078124258577301,0.0098143806467741,0.015157841994966,0.0076851273697101,0.0093662773271987,0.0407029593818675,0.0221881016727974,0.0151804404174455,0.0220582260927362,0.0109533989682248,0.0117577484363455,0.0337518790266903,0.0167718259373547,0.0180602996686831
aip_aippred,0.0383646452911954,0.0184073210538617,0.0258440373153979,0.0583477890616222,0.0239566640747481,0.0390625938587138,0.0536847539983827,0.0254499472210661,0.0466808566250823,0.0350471392055997,0.0180796089563661,0.0382867309764337,0.062243888558115,0.0292717821206881,0.0428062668058807
aip_antiinflam,0.0328138019788114,0.0163434332541751,0.0217318800390062,0.033407550526623,0.0173460197434034,0.0324447530135622,0.029610801802155,0.014640442103227,0.0213422349265814,0.0096999435902911,0.0057825534807083,0.0161656920962627,0.0265431045343101,0.0133891287592022,0.0210769996993678
amp_antibp,0.0387293537635982,0.0193017349474547,0.0196424959995632,0.0390245635299644,0.0201739612539772,0.0219104359086653,0.0319536310856073,0.0149108269744113,0.0132676085737336,0.0605272972050503,0.0299470920344918,0.0296315053739411,0.0787012433896496,0.0396623680005896,0.0417251520798846
amp_antibp2,0.0246536712310487,0.012126918602972,0.0136561863548775,0.0224749427679104,0.0118693816008829,0.0141306415454396,0.0789931803327224,0.0409472286671914,0.0226456892490046,0.0144577511110383,0.007313892614428,0.0077419144780482,0.0182337344179588,0.0093530799259196,0.0105450252360982
amp_csamp,0.043414752342977,0.0226074030918239,0.0143074837538114,0.0795496084683336,0.0420178807309184,0.0261510118873285,0.0,0.0,0.0072382303828512,0.0895721026968524,0.051167341256981,0.0283969549961896,0.101416921839987,0.0536591134871191,0.0370508791239152
amp_fernandes,0.1484076567178579,0.07194469888423,0.0815153307262531,0.1221437085068162,0.0603279910044644,0.0604842542815172,0.0974465817099592,0.0463838875942432,0.0308935588590647,0.1840725551553521,0.0913848276546924,0.0811935020296808,0.1420933801463692,0.070115014882044,0.0761059686391801
amp_gonzales,0.1610769848115777,0.1184901232046458,0.1750012753754158,0.1588419686530815,0.122209440683976,0.169744582065219,0.0940987771372537,0.1023100529702507,0.1186722512703149,0.1738734573270927,0.1222020185321557,0.1854959131697331,0.1672388795096262,0.0898505940531318,0.1392304706841938
amp_iamp2l,0.0197103753472271,0.0098109110254021,0.0129061145596942,0.0229983128493815,0.0162352805739165,0.0180051234114023,0.0335873189989814,0.0074534311607376,0.0051101002018007,0.027345861279795,0.0204644076349188,0.0229295476232744,0.0191561212038571,0.0086098330121024,0.0126493832388499
amp_modlamp,0.0095700552403358,0.0049586121595706,0.0054414853374008,0.013965012376097,0.0068971177574699,0.0073104129382965,0.0203610302888469,0.0110702940094953,0.0094425109900366,0.0189504527848454,0.0091374578283681,0.0093947043456148,0.0222306695974062,0.0110231898974168,0.0114778779109014
anitinflamatory,0.0095072928698385,0.005026137161393,0.0108253242883817,0.0260395391746686,0.0137159292340013,0.0290294375458469,0.0205478550807653,0.010483732144195,0.0147426922496799,0.0214903092850363,0.0115849047546766,0.0226908529808318,0.0277721453060558,0.0142013753058801,0.02642893499888
anti_MRSA,0.0626351536038775,0.0237192976618731,0.0510040980469411,0.0465319201416753,0.0229726000760818,0.0479215533969462,0.139547783583859,0.0551607689734186,0.1103220909769641,0.0670533133693756,0.0367940858087822,0.083049372355392,0.0370249365105923,0.0406335504230941,0.0485703152462453
antibacterial,0.0036307207532944,0.0018125164889422,0.0015478335984002,0.0055279175486546,0.0028787549583078,0.003227856040303,0.0098824028656846,0.0045669282341182,0.0044019531953158,0.0038925781166452,0.001839452877964,0.0018874352544522,0.0051701166866583,0.002603257796602,0.0027077426019225
anticancer_alternative,0.0234823911708906,0.0116408142171507,0.0107304596397871,0.0164667682318075,0.0087172858377772,0.0102635609016565,0.0334355779845257,0.0176014134834678,0.0158723843542679,0.0137144136926357,0.0068384016295987,0.0071701119560217,0.0194430429059978,0.0094204468466479,0.0088841686649511
anticancer_main,0.0511394950233293,0.0255181837794598,0.025628773871536,0.0193296370207566,0.0095924320745938,0.0094505631688124,0.0178090252289627,0.0083050677375546,0.0139464856639262,0.0207314382170149,0.0100158210183989,0.0095516241572417,0.0306722839871773,0.0153737431836113,0.0161913283070995
antidiabetic,0.0429757293534273,0.0217776766978024,0.0292476267033211,0.0457986383016313,0.0222372872517916,0.0337962218402687,0.0413931504018576,0.0205941071091552,0.0501180418229169,0.0896334729284172,0.0448377841079157,0.0526095184201601,0.0753092666079972,0.0369978365578892,0.0410730404638138
antifungal,0.034761392720925,0.0172718793245845,0.0173472667433046,0.0427972555214619,0.0220812535031646,0.0237660792455021,0.0673778579712585,0.034151299320143,0.0316528551947814,0.0251707180599397,0.0124633188171777,0.0128367412200648,0.0375328221076533,0.0188221287414998,0.0192268784387196
antimalarial_alternative,0.0670305303253565,0.0346223471423507,0.0570234835438179,0.0576010385660604,0.046305274272213,0.0641173060115332,0.0,0.0,0.004400846823628,0.0375800229644188,0.0325668508778516,0.0380686264487973,0.0571714526348787,0.0316492663638677,0.0490058153797421
antimalarial_main,0.0201967146863222,0.0146285971576829,0.0207101547789001,0.0478970399012365,0.0326229201647404,0.0595979184648198,0.0251775255297715,0.0236225781178746,0.0078091678040636,0.0287509684330637,0.0258155808959206,0.0379327890014577,0.0361539088916261,0.0288881043932872,0.0365231140565569
antimicrobial,0.0107123879864424,0.005302019626481,0.0049827619081243,0.0078692188908513,0.0035178620850202,0.0032872392346803,0.0199082156696214,0.0105681326355959,0.0074574251841512,0.0072446021591591,0.003563075699649,0.0039312133574508,0.008921546723451,0.0043219746768431,0.0036523493891752
antimicrobial_UniDL4BioPep,0.0100888976677562,0.0047981221156559,0.0046008931840928,0.0091489702891358,0.0044536228502854,0.0043875382109705,0.0,0.0,0.0001650802079082,0.0139252347529629,0.0069109258975103,0.0069095006261203,0.0117292698956465,0.005794148146431,0.0052869461601183
antioxidant,0.0213704693874499,0.0105052157789245,0.0095768498278289,0.0200289812855838,0.0104840145145721,0.0117163383458887,0.0136471643212259,0.0052947981888309,0.0034018534145962,0.0326393947192507,0.0163809012775333,0.0153210852845492,0.021114673047885,0.010484014514572,0.0103543689393695
antioxidant_UniDL4BioPep,0.0471180183232334,0.0235969390202587,0.0244587028000689,0.0349481050661894,0.0151665743905982,0.0144070370473885,0.0458247793043175,0.0215224558390433,0.0239100053343523,0.0907102568201967,0.0450661909389052,0.0440000688319249,0.0353527948064775,0.0172470365924896,0.014938989897399
antiparasitic,0.0195249702434978,0.0205774932205239,0.0225816080346607,0.0576555953515129,0.02841665383624,0.0548416259366463,0.0303944426401656,0.0093928164605443,0.004895932097514,0.0836777583715697,0.0401787541004794,0.0741250808211338,0.070743321226968,0.0369774556884267,0.0585611794766075
antiviral,0.0194850471499368,0.0097497175577127,0.0119712540402821,0.0208464434284874,0.0105351354958299,0.0135939236896892,0.0113857175896398,0.0058143079422511,0.0052647626786433,0.0371873135525853,0.0181980981466616,0.0206903808819076,0.01934094176732,0.0097483928316646,0.011066053144101
atb_antitbp,0.0525569469628564,0.0264099611412099,0.0267439454277085,0.0118973918612745,0.0044879402473154,0.0088936799729171,0.0793211426917612,0.0381728461181245,0.0524366647934479,0.053767527105196,0.0270763340094307,0.0294238634407954,0.0568997683310208,0.0285225237432287,0.0295702748191289
atb_iantitb,0.0566626573611758,0.0283522203099062,0.0442583593083387,0.0747187557569542,0.0361377806734631,0.0544149500240346,0.0579877353859781,0.0241966812515719,0.0332665383800415,0.0656914390543311,0.0327920511289369,0.0423910167515645,0.0592274763367766,0.0299869748206138,0.0292757710079347
avp_amppred,0.0438441389312371,0.0219053122985307,0.0222758621442044,0.0560789785610272,0.027036513342459,0.0268857586615426,0.0724354241214729,0.036831692652885,0.0271084680635664,0.0375407944412129,0.0198469248416634,0.0266522256315874,0.051881568187185,0.0268451135190332,0.0345999415506519
avp_avppred,0.0583077892300309,0.0282883891251458,0.0275620423346159,0.0812886599767492,0.0408970228792546,0.0340605962826923,0.0594795822144502,0.0286923650777071,0.0240473192378515,0.0525612407497494,0.0254484594623843,0.023898329119572,0.0315572528649477,0.0156680299466936,0.016564794272377
bce_ibce,0.0350487600448176,0.0175606626928589,0.0234189936829382,0.0433315828001979,0.0212858041472889,0.0358305954431638,0.0281572793796488,0.0140458113522043,0.014447609965896,0.0460045505672177,0.0231430215109105,0.0387546157957376,0.0468904733222349,0.0234043951314579,0.0322885445667915
bitter,0.0863938656617064,0.0432448515721813,0.049956570273196,0.0595364468965471,0.0306186217847897,0.0384038587729878,0.0714343312198017,0.0352862180957381,0.0300346617515489,0.0630978624897425,0.0302173118840839,0.0321099949680941,0.0643181317492472,0.0325510416499994,0.0361888131983695
blood_brain_barrier,0.1573553688108321,0.0784296857443987,0.0869610655360387,0.1290580216174639,0.0646650320699742,0.067969484929918,0.1152167619377665,0.0339759651015077,0.019766079902497,0.1138268533336516,0.0567668181653021,0.0678545530821229,0.1198529661363813,0.0596490603192993,0.0526127356342644
cpp_cellppd,0.0310041560180466,0.0155866538540352,0.0173644693609858,0.0494828257299104,0.0251217285182653,0.0281370619065807,0.0299038974758378,0.0167222437506268,0.011256914125085,0.0440932728677114,0.0219599249475529,0.0217009092120379,0.047888500634123,0.0238328396650001,0.0234743075258357
cpp_cellppdmod,0.0512865046423939,0.0257045875961539,0.0269945874327867,0.0357914842443983,0.0182174275124742,0.019312618952228,0.0411863391894125,0.0207280640235952,0.0208531752710362,0.0419781763850374,0.0211190934644532,0.0219706942569835,0.0364344059923721,0.0182775777683611,0.0195844982748523
cpp_cppredfl,0.0797162960294872,0.0399160178604464,0.0401041306404406,0.0459948989509818,0.0244043916617516,0.0215448443214829,0.1017800402075425,0.05099641088091,0.0557895208769818,0.0564862161437699,0.0281444681782433,0.0318871816580045,0.0519512981500887,0.0259326802968015,0.0232493163429839
cpp_kelmcpp,0.0257228005365684,0.0128789075388099,0.01329195369099,0.0226398463865775,0.011231615271849,0.0116660470895599,0.0545146332676935,0.028351991076135,0.0215829387008811,0.0482659618199338,0.0240021979551932,0.0224863336649591,0.0314212157787661,0.0158456214170596,0.0155483779349122
cpp_mlcpp,0.0586254366972707,0.0290054034460871,0.0359672067546986,0.0283129938081839,0.0197585278631775,0.0261206845924917,0.0639774011288583,0.0347754788369807,0.0234074234339424,0.0554386515533066,0.028742739886561,0.0376878413118283,0.0394412910117907,0.0208226409521679,0.0264439758259729
cpp_mlcppue,0.0955185413017709,0.0474441830870006,0.0341811678095416,0.0570026444526142,0.027693182900772,0.0279042001790271,0.1022011928614019,0.0517033013034687,0.0302247289517634,0.1034218332005895,0.051467559411915,0.0580863635140628,0.1516256619516585,0.0755883917860071,0.0491742054261878
cpp_sanders,0.0980724080162946,0.0338979338182276,0.0260658675323009,0.0,0.0,0.0087481146304675,0.0691107301547011,0.0203317330428643,0.0227403609574108,0.064570049703754,0.0232581073042288,0.0275339686497347,0.1633504135501632,0.0811718431397783,0.0339724837611117
hem_hemopi,0.0230083901618393,0.0113368299825031,0.0116503641808487,0.010706576407694,0.0049046664064744,0.0048861514104303,0.0240456596267766,0.0129355464049377,0.0112743853782091,0.0273048737239242,0.0133274458851483,0.0138777515152208,0.0098258018499225,0.0045900637484289,0.004763359037833
hiv_apv,0.0620909221026367,0.0332434004626984,0.0209407751611839,0.067935680087392,0.0369609578464897,0.0240159275367422,0.046077812748993,0.0261435660950588,0.0139348826691144,0.0744680524146039,0.0405135925078843,0.0277311531757208,0.0518776262410365,0.0282961108364535,0.0199204560288758
hiv_bevirimat,0.0904460423146069,0.060855317515001,0.0833745738749944,0.1141248784493293,0.0891935717974378,0.160257175800694,0.192060758579061,0.1005056415104191,0.1403919657442092,0.1064202678104724,0.0717567004663461,0.0989699844622665,0.1274752209359441,0.0596057862019496,0.096999189443971
hiv_idv,0.039882498097467,0.0203431765852587,0.0192482839508521,0.0425649297865565,0.0219847834526898,0.0201335042914672,0.0602499304929939,0.0294272800842792,0.0268944202307264,0.0200138067090266,0.0103690815109613,0.010815678209637,0.057860465052061,0.0291277194711882,0.0273882715442684
hiv_lpv,0.0279994043019794,0.0132767252072493,0.013696781092619,0.0348484200558103,0.0145161401471377,0.0162853054381123,0.0479903635951048,0.0290727966382555,0.0248249996130253,0.0266020559933361,0.0115193125454552,0.0134010836086057,0.023928586239244,0.0140790250232638,0.0156627942386595
hiv_nfv,0.0251939838276794,0.0169499052889696,0.0171513641887926,0.0197521590037645,0.0094758924328949,0.0111960239601286,0.0318391370722081,0.0172472271818751,0.0167517097977973,0.0451674000813977,0.025309746533056,0.0283112318880825,0.0459284356865372,0.0245086078569819,0.0290850746812464
hiv_protease,0.0408856759774041,0.0172915412842145,0.0280107927215515,0.0905640083267485,0.0483698088442785,0.1254777145157598,0.1090045377030532,0.0426545913403881,0.1099406823217027,0.108365127292344,0.0373467327744883,0.1023505778506438,0.0649542984619005,0.0386180419719077,0.0571942731191628
hiv_rtv,0.0587702581518445,0.0292763313842704,0.0296386585234342,0.0608869840547486,0.0306116082690505,0.0305673189820336,0.058721706364974,0.0294199442306211,0.0269034345899722,0.0765483452238929,0.0381173804413777,0.0389200737428184,0.0561789158615191,0.0281935082823338,0.0295984868109737
hiv_sqv,0.0360784908048591,0.0171825397051307,0.0143337197214901,0.0430663264366194,0.023086664944051,0.0161626115898817,0.0821976613450219,0.0385550663470529,0.0290577307294393,0.0651067727012323,0.0335328790784601,0.0244795442928366,0.0457626993000501,0.0219638944639676,0.0186517002071796
hiv_v3,0.0265411340691727,0.0150915705170229,0.0230072890298339,0.0308340040756393,0.0228842823501372,0.0279994097412162,0.0480776597876935,0.0317986637617515,0.0485783674314172,0.0401311941719455,0.0294939939268737,0.0379662446305179,0.024354466883269,0.0172309045840104,0.0212569412067881
isp_il10pred,0.0468142612479582,0.0245398187377885,0.0413168030986615,0.0288505225655228,0.0197927190075384,0.0523693661978861,0.0736719471965514,0.0397634428851213,0.0448508016449398,0.0354499572690097,0.0185664301841815,0.0429022133145537,0.0760552244360435,0.0361881623973516,0.0707220850134636
nep_neuropipred,0.0225000265244023,0.0111976673955801,0.0111224743032214,0.0208068051634817,0.010125740083811,0.0116976368193504,0.0329981704251551,0.0102220250399989,0.0061241101739533,0.0197338321449188,0.0095618288746751,0.0101554684578292,0.0277841367713773,0.0142971382893677,0.0162624086307039
neuropeptide,0.0152460677011999,0.007586956491948,0.0076865797061472,0.0167190965161568,0.0084259038110113,0.0096572189619605,0.019920447290354,0.0075194154757981,0.0080289126236336,0.0215411692338411,0.0110381515994426,0.0124257167261978,0.0131176897025367,0.0066938899302053,0.0060891070654529
pip_pipel,0.0324037740413237,0.0185930256087799,0.0354265962418304,0.0389748649576877,0.0143148917415997,0.033907582121032,0.0135203665718004,0.0061583462641789,0.0200652407115268,0.0407618271059213,0.0191048615250412,0.040006917616848,0.0346866918097195,0.0164796024658572,0.0350060500760003
quorum_sensing,0.0723496587572417,0.0378603910797387,0.0328249129038466,0.0750656386897658,0.0377989253199219,0.0352924125969953,0.0449072475919604,0.0224197113871136,0.013018132746223,0.0489786339857477,0.024730068102151,0.0253059483058206,0.0894356647444764,0.0481021450613268,0.0389458938221797
tce_zhao,0.0846890761815193,0.0593130035933305,0.0937341253360792,0.1474980058644335,0.0579861889684404,0.1340756806205506,0.1871597944332678,0.1172995652384627,0.1565065229106725,0.0894755642799029,0.0504787643916989,0.1203163873204778,0.0840917169178348,0.0601598875216071,0.0875581230787541
toxic,0.0262703941181316,0.0131264616433843,0.0129322683275125,0.0145769541094264,0.0072463617059149,0.0075501780355433,0.0165725512681919,0.0086881697310772,0.0071340103234715,0.0076047395457548,0.0038474074283626,0.0035986899879351,0.0223646240193233,0.0112025560615348,0.0112080683687379
toxic_PLPTP,0.021796918616867,0.0122698208502868,0.0164864589027444,0.018746226924441,0.0091826305194591,0.0135986897073807,0.0077781502378362,0.0073170406454996,0.0101285377211884,0.0138510933815992,0.0050764678704645,0.0093393091275251,0.0138850872252416,0.0067536004509668,0.0100192737686982
tumor_t_cell_antigens,0.0537766483031414,0.0263847767224616,0.0186662581075961,0.0218976490915272,0.0125788858043113,0.0059797098416312,0.0276094930209922,0.0112561584588767,0.0211547978227964,0.0253006785351833,0.0074225467645547,0.0112999249874892,0.0638592955595839,0.0312221216386929,0.0228947301389477
umami,0.0943458969011054,0.0455614819098197,0.0665063912500143,0.066516326508417,0.0414645987726184,0.0590065563631864,0.0507997940724178,0.0233268064100487,0.0392434895068086,0.0720395888819224,0.0353271117933367,0.0498863533744655,0.1103139129625023,0.0545192705962955,0.0765633156630839
